{
  "variants": {
    "facing=east,mode=compare,powered=false": {
      "model": "block/track_long_blue_pad_east"
    },
    "facing=east,mode=compare,powered=true": {
      "y": 270,
      "model": "block/comparator_on"
    },
    "facing=east,mode=subtract,powered=false": {
      "model": "block/track_long_blue_pad_west"
    },
    "facing=east,mode=subtract,powered=true": {
      "y": 270,
      "model": "block/comparator_on_subtract"
    },
    "facing=north,mode=compare,powered=false": {
      "model": "block/track_long_blue_pad_north"
    },
    "facing=north,mode=compare,powered=true": {
      "y": 180,
      "model": "block/comparator_on"
    },
    "facing=north,mode=subtract,powered=false": {
      "model": "block/track_long_blue_pad_south"
    },
    "facing=north,mode=subtract,powered=true": {
      "y": 180,
      "model": "block/comparator_on_subtract"
    },
	
	
    "facing=south,mode=compare,powered=false": {
      "model": "block/track_long_green_pad_north"
    },
    "facing=south,mode=compare,powered=true": {
      "model": "block/comparator_on"
    },
    "facing=south,mode=subtract,powered=false": {
      "model": "block/track_long_green_pad_south"
    },
    "facing=south,mode=subtract,powered=true": {
      "model": "block/comparator_on_subtract"
    },
    "facing=west,mode=compare,powered=false": {
      "model": "block/track_long_green_pad_east"
    },
    "facing=west,mode=compare,powered=true": {
      "y": 90,
      "model": "block/comparator_on"
    },
    "facing=west,mode=subtract,powered=false": {
      "model": "block/track_long_green_pad_west"
    },
    "facing=west,mode=subtract,powered=true": {
      "y": 90,
      "model": "block/comparator_on_subtract"
    }
  }
}