{
  "variants": {
    "": [
      {
		"weight": 80,
        "model": "minecraft:block/red_sand"
      },
      {
		"weight": 80,
        "model": "minecraft:block/red_sand",
        "y": 90
      },
      {
		"weight": 80,
        "model": "minecraft:block/red_sand",
        "y": 180
      },
      {
		"weight": 80,
        "model": "minecraft:block/red_sand",
        "y": 270
      },
      {
		"weight": 1,
        "model": "minecraft:block/red_sand1"
      },
      {
		"weight": 1,
        "model": "minecraft:block/red_sand2"
      },
      {
		"weight": 5,
        "model": "minecraft:block/red_sand3"
      },
      {
		"weight": 5,
        "model": "minecraft:block/red_sand4"
      }
    ]
  }
}