{
  "variants": {
    "delay=1,facing=east,locked=false,powered=false": {
      "model": "minecraft:block/track_short_green_pad_north"
    },
	
	
    "delay=1,facing=east,locked=false,powered=true": {
      "model": "minecraft:block/repeater_1tick_on",
      "y": 270
    },
    "delay=1,facing=east,locked=true,powered=false": {
      "model": "minecraft:block/repeater_1tick_locked",
      "y": 270
    },
    "delay=1,facing=east,locked=true,powered=true": {
      "model": "minecraft:block/repeater_1tick_on_locked",
      "y": 270
    },
	
	
    "delay=1,facing=north,locked=false,powered=false": {
      "model": "minecraft:block/track_short_blue_pad_north"
    },
	
	
    "delay=1,facing=north,locked=false,powered=true": {
      "model": "minecraft:block/repeater_1tick_on",
      "y": 180
    },
    "delay=1,facing=north,locked=true,powered=false": {
      "model": "minecraft:block/repeater_1tick_locked",
      "y": 180
    },
    "delay=1,facing=north,locked=true,powered=true": {
      "model": "minecraft:block/repeater_1tick_on_locked",
      "y": 180
    },
    "delay=1,facing=south,locked=false,powered=false": {
      "model": "minecraft:block/repeater_1tick"
    },
    "delay=1,facing=south,locked=false,powered=true": {
      "model": "minecraft:block/repeater_1tick_on"
    },
    "delay=1,facing=south,locked=true,powered=false": {
      "model": "minecraft:block/repeater_1tick_locked"
    },
    "delay=1,facing=south,locked=true,powered=true": {
      "model": "minecraft:block/repeater_1tick_on_locked"
    },
	
	
    "delay=1,facing=west,locked=false,powered=false": {
      "model": "minecraft:block/track_clockwise_pad"
    },
	
	
    "delay=1,facing=west,locked=false,powered=true": {
      "model": "minecraft:block/repeater_1tick_on",
      "y": 90
    },
    "delay=1,facing=west,locked=true,powered=false": {
      "model": "minecraft:block/repeater_1tick_locked",
      "y": 90
    },
    "delay=1,facing=west,locked=true,powered=true": {
      "model": "minecraft:block/repeater_1tick_on_locked",
      "y": 90
    },
	
	
    "delay=2,facing=east,locked=false,powered=false": {
      "model": "minecraft:block/track_short_green_pad_east"
    },
	
	
    "delay=2,facing=east,locked=false,powered=true": {
      "model": "minecraft:block/repeater_2tick",
	  "y": 270
    },
    "delay=2,facing=east,locked=true,powered=false": {
      "model": "minecraft:block/repeater_2tick_locked",
      "y": 270
    },
    "delay=2,facing=east,locked=true,powered=true": {
      "model": "minecraft:block/repeater_2tick_on_locked",
      "y": 270
    },
	
	
    "delay=2,facing=north,locked=false,powered=false": {
      "model": "minecraft:block/track_short_blue_pad_east"
    },
	
	
    "delay=2,facing=north,locked=false,powered=true": {
      "model": "minecraft:block/repeater_2tick_on",
      "y": 180
    },
    "delay=2,facing=north,locked=true,powered=false": {
      "model": "minecraft:block/repeater_2tick_locked",
      "y": 180
    },
    "delay=2,facing=north,locked=true,powered=true": {
      "model": "minecraft:block/repeater_2tick_on_locked",
      "y": 180
    },
    "delay=2,facing=south,locked=false,powered=false": {
      "model": "minecraft:block/repeater_2tick"
    },
    "delay=2,facing=south,locked=false,powered=true": {
      "model": "minecraft:block/repeater_2tick_on"
    },
    "delay=2,facing=south,locked=true,powered=false": {
      "model": "minecraft:block/repeater_2tick_locked"
    },
    "delay=2,facing=south,locked=true,powered=true": {
      "model": "minecraft:block/repeater_2tick_on_locked"
    },
	
	
    "delay=2,facing=west,locked=false,powered=false": {
      "model": "minecraft:block/track_counter_clockwise_pad"
    },
	
	
    "delay=2,facing=west,locked=false,powered=true": {
      "model": "minecraft:block/repeater_2tick_on",
      "y": 90
    },
    "delay=2,facing=west,locked=true,powered=false": {
      "model": "minecraft:block/repeater_2tick_locked",
      "y": 90
    },
    "delay=2,facing=west,locked=true,powered=true": {
      "model": "minecraft:block/repeater_2tick_on_locked",
      "y": 90
    },
	
	
    "delay=3,facing=east,locked=false,powered=false": {
      "model": "minecraft:block/track_short_green_pad_south"
    },
	
	
    "delay=3,facing=east,locked=false,powered=true": {
      "model": "minecraft:block/repeater_3tick_on",
      "y": 270
    },
    "delay=3,facing=east,locked=true,powered=false": {
      "model": "minecraft:block/repeater_3tick_locked",
      "y": 270
    },
    "delay=3,facing=east,locked=true,powered=true": {
      "model": "minecraft:block/repeater_3tick_on_locked",
      "y": 270
    },
	
	
    "delay=3,facing=north,locked=false,powered=false": {
      "model": "minecraft:block/track_short_blue_pad_south"
    },
	
	
    "delay=3,facing=north,locked=false,powered=true": {
      "model": "minecraft:block/repeater_3tick_on",
      "y": 180
    },
    "delay=3,facing=north,locked=true,powered=false": {
      "model": "minecraft:block/repeater_3tick_locked",
      "y": 180
    },
    "delay=3,facing=north,locked=true,powered=true": {
      "model": "minecraft:block/repeater_3tick_on_locked",
      "y": 180
    },
    "delay=3,facing=south,locked=false,powered=false": {
      "model": "minecraft:block/repeater_3tick"
    },
    "delay=3,facing=south,locked=false,powered=true": {
      "model": "minecraft:block/repeater_3tick_on"
    },
    "delay=3,facing=south,locked=true,powered=false": {
      "model": "minecraft:block/repeater_3tick_locked"
    },
    "delay=3,facing=south,locked=true,powered=true": {
      "model": "minecraft:block/repeater_3tick_on_locked"
    },
	
	
    "delay=3,facing=west,locked=false,powered=false": {
      "model": "minecraft:block/track_clockwise_pad"
    },
	
	
    "delay=3,facing=west,locked=false,powered=true": {
      "model": "minecraft:block/repeater_3tick_on",
      "y": 90
    },
    "delay=3,facing=west,locked=true,powered=false": {
      "model": "minecraft:block/repeater_3tick_locked",
      "y": 90
    },
    "delay=3,facing=west,locked=true,powered=true": {
      "model": "minecraft:block/repeater_3tick_on_locked",
      "y": 90
    },
	
	
    "delay=4,facing=east,locked=false,powered=false": {
      "model": "minecraft:block/track_short_green_pad_west"
    },
	
	
    "delay=4,facing=east,locked=false,powered=true": {
      "model": "minecraft:block/repeater_4tick_on",
      "y": 270
    },
    "delay=4,facing=east,locked=true,powered=false": {
      "model": "minecraft:block/repeater_4tick_locked",
      "y": 270
    },
    "delay=4,facing=east,locked=true,powered=true": {
      "model": "minecraft:block/repeater_4tick_on_locked",
      "y": 270
    },
	
	
    "delay=4,facing=north,locked=false,powered=false": {
      "model": "minecraft:block/track_short_blue_pad_west"
    },
	
	
    "delay=4,facing=north,locked=false,powered=true": {
      "model": "minecraft:block/repeater_4tick_on",
      "y": 180
    },
    "delay=4,facing=north,locked=true,powered=false": {
      "model": "minecraft:block/repeater_4tick_locked",
      "y": 180
    },
    "delay=4,facing=north,locked=true,powered=true": {
      "model": "minecraft:block/repeater_4tick_on_locked",
      "y": 180
    },
    "delay=4,facing=south,locked=false,powered=false": {
      "model": "minecraft:block/repeater_4tick"
    },
    "delay=4,facing=south,locked=false,powered=true": {
      "model": "minecraft:block/repeater_4tick_on"
    },
    "delay=4,facing=south,locked=true,powered=false": {
      "model": "minecraft:block/repeater_4tick_locked"
    },
    "delay=4,facing=south,locked=true,powered=true": {
      "model": "minecraft:block/repeater_4tick_on_locked"
    },
	
	
    "delay=4,facing=west,locked=false,powered=false": {
      "model": "minecraft:block/track_counter_clockwise_pad"
    },
	
	
    "delay=4,facing=west,locked=false,powered=true": {
      "model": "minecraft:block/repeater_4tick_on",
      "y": 90
    },
    "delay=4,facing=west,locked=true,powered=false": {
      "model": "minecraft:block/repeater_4tick_locked",
      "y": 90
    },
    "delay=4,facing=west,locked=true,powered=true": {
      "model": "minecraft:block/repeater_4tick_on_locked",
      "y": 90
    }
  }
}