{
	"display": {
        "ground": {
            "rotation": [ 0, 0, 0 ],
            "translation": [ 0, 0, 0],
            "scale":[ 0, 0, 0 ]
        },
        "thirdperson_righthand": {
            "rotation": [ 0, 0, 0 ],
            "translation": [ 0, 0, 0 ],
            "scale": [ 0, 0, 0 ]
        },
        "firstperson_righthand": {
            "rotation": [ 0, 0, 0 ],
            "translation": [ 0, 0, 0],
            "scale": [ 0, 0, 0 ]
        },
		"firstperson_lefthand": {
            "rotation": [ 0, 0, 0 ],
			"translation": [ -8.95, 16, 0 ],
            "scale": [ 2.7, 1.4, 0 ]
        },
		"gui": {
            "rotation": [ 0, 0, 0 ],
            "translation": [ 0, 0, 0],
            "scale":[ 0, 0, 0 ]
        }
    },
    "elements": [
        {
            "name": "Cube",
            "from": [ 0.0, 0.0, 8.0 ], 
            "to": [ 16.0, 16.0, 8.0 ], 
            "faces": {
                "south": { "texture": "#effect", "uv": [ 0.0, 0.0, 16.0, 16.0 ] }
            }
        }
    ]
}