{
    "textures": {
        "0": "blocks/alarm2",
        "1": "blocks/alarm1"
    },
	"display": 
	{
		"thirdperson_righthand": 
		{
			"rotation": [ 90, 180, 0 ],
			"translation": [ -6, -2, -17.5 ],
			"scale": [ 1, 1, 1 ]
		}
	},
    "elements": [
        {
            "name": "Cube",
            "from": [ 5.0, 1.0, 5.0 ], 
            "to": [ 11.0, 11.0, 11.0 ], 
            "faces": {
                "north": { "texture": "#0", "uv": [ 0.0, 0.0, 6.0, 10.0 ] },
                "east": { "texture": "#0", "uv": [ 0.0, 0.0, 6.0, 10.0 ] },
                "south": { "texture": "#0", "uv": [ 0.0, 0.0, 6.0, 10.0 ] },
                "west": { "texture": "#0", "uv": [ 0.0, 0.0, 6.0, 10.0 ] },
                "up": { "texture": "#0", "uv": [ 6.0, 0.0, 12.0, 6.0 ] },
                "down": { "texture": "#0", "uv": [ 6.0, 0.0, 12.0, 6.0 ] }
            }
        },
        {
            "name": "Cube",
            "from": [ 4.0, 10.5, 4.0 ], 
            "to": [ 12.0, 13.5, 12.0 ], 
            "faces": {
                "north": { "texture": "#1", "uv": [ 0.0, 10.0, 8.0, 13.0 ] },
                "east": { "texture": "#1", "uv": [ 0.0, 10.0, 8.0, 13.0 ] },
                "south": { "texture": "#1", "uv": [ 0.0, 10.0, 8.0, 13.0 ] },
                "west": { "texture": "#1", "uv": [ 0.0, 10.0, 8.0, 13.0 ] },
                "up": { "texture": "#1", "uv": [ 8.0, 7.0, 16.0, 15.0 ] },
                "down": { "texture": "#1", "uv": [ 8.0, 7.0, 16.0, 15.0 ] }
            }
        },
        {
            "name": "Cube",
            "from": [ 4.5, 0.5, 4.5 ], 
            "to": [ 11.5, 10.5, 4.5 ], 
            "faces": {
                "north": { "texture": "#1", "uv": [ 0.0, 0.0, 7.0, 10.0 ] },
                "south": { "texture": "#1", "uv": [ 0.0, 0.0, 7.0, 10.0 ] }
            }
        },
        {
            "name": "Cube",
            "from": [ 4.5, 0.5, 4.5 ], 
            "to": [ 4.5, 10.5, 11.5 ], 
            "faces": {
                "east": { "texture": "#1", "uv": [ 0.0, 0.0, 7.0, 10.0 ] },
                "west": { "texture": "#1", "uv": [ 0.0, 0.0, 7.0, 10.0 ] }
            }
        },
        {
            "name": "Cube",
            "from": [ 11.5, 0.5, 4.5 ], 
            "to": [ 11.5, 10.5, 11.5 ], 
            "faces": {
                "east": { "texture": "#1", "uv": [ 0.0, 0.0, 7.0, 10.0 ] },
                "west": { "texture": "#1", "uv": [ 0.0, 0.0, 7.0, 10.0 ] }
            }
        },
        {
            "name": "Cube",
            "from": [ 4.5, 0.5, 11.5 ], 
            "to": [ 11.5, 10.5, 11.5 ], 
            "faces": {
                "north": { "texture": "#1", "uv": [ 0.0, 0.0, 7.0, 10.0 ] },
                "south": { "texture": "#1", "uv": [ 0.0, 0.0, 7.0, 10.0 ] }
            }
        },
        {
            "name": "Cube",
            "from": [ 4.5, 0.5, 4.5 ], 
            "to": [ 11.5, 0.5, 11.5 ], 
            "faces": {
                "up": { "texture": "#1", "uv": [ 7.0, 0.0, 14.0, 7.0 ] },
                "down": { "texture": "#1", "uv": [ 7.0, 0.0, 14.0, 7.0 ] }
            }
        }
    ]
}