{
    "parent": "block/cube",
    "elements": [
        {
            "name": "Element",
            "from": [ 0.0, 3.0, 0.0 ], 
            "to": [ 16.0, 4.0, 16.0 ], 
            "faces": {
                "up": { "texture": "#inside", "uv": [ 0.0, 0.0, 16.0, 16.0 ], "cullface": "up" },
                "down": { "texture": "#inside", "uv": [ 0.0, 0.0, 16.0, 16.0 ] }
            }
        },
        {
            "name": "Element",
            "from": [ 0.0, 0.0, 0.0 ], 
            "to": [ 4.0, 3.0, 2.0 ], 
            "faces": {
                "east": { "texture": "#side", "uv": [ 14.0, 13.0, 16.0, 16.0 ] },
                "south": { "texture": "#side", "uv": [ 12.0, 13.0, 16.0, 16.0 ] },
                "down": { "texture": "#bottom", "uv": [ 12.0, 14.0, 16.0, 16.0 ], "cullface": "down" }
            }
        },
        {
            "name": "Element",
            "from": [ 0.0, 0.0, 2.0 ], 
            "to": [ 2.0, 3.0, 4.0 ], 
            "faces": {
                "east": { "texture": "#side", "uv": [ 2.0, 13.0, 4.0, 16.0 ] },
                "south": { "texture": "#side", "uv": [ 2.0, 13.0, 4.0, 16.0 ] },
                "down": { "texture": "#bottom", "uv": [ 0.0, 0.0, 2.0, 2.0 ], "cullface": "down" }
            }
        },
        {
            "name": "Element",
            "from": [ 12.0, 0.0, 0.0 ], 
            "to": [ 16.0, 3.0, 2.0 ], 
            "faces": {
                "south": { "texture": "#side", "uv": [ 0.0, 13.0, 4.0, 16.0 ] },
                "west": { "texture": "#side", "uv": [ 0.0, 13.0, 2.0, 16.0 ] },
                "down": { "texture": "#bottom", "uv": [ 0.0, 14.0, 4.0, 16.0 ], "cullface": "down" }
            }
        },
        {
            "name": "Element",
            "from": [ 14.0, 0.0, 2.0 ], 
            "to": [ 16.0, 3.0, 4.0 ], 
            "faces": {
                "south": { "texture": "#side", "uv": [ 12.0, 13.0, 14.0, 16.0 ] },
                "west": { "texture": "#side", "uv": [ 12.0, 13.0, 14.0, 16.0 ] },
                "down": { "texture": "#bottom", "uv": [ 13.0, 14.0, 15.0, 16.0 ], "cullface": "down" }
            }
        },
        {
            "name": "Element",
            "from": [ 0.0, 0.0, 14.0 ], 
            "to": [ 4.0, 3.0, 16.0 ], 
            "faces": {
                "north": { "texture": "#side", "uv": [ 0.0, 13.0, 4.0, 16.0 ] },
                "east": { "texture": "#side", "uv": [ 2.0, 13.0, 4.0, 16.0 ] },
                "down": { "texture": "#bottom", "uv": [ 0.0, 0.0, 4.0, 2.0 ], "cullface": "down" }
            }
        },
        {
            "name": "Element",
            "from": [ 0.0, 0.0, 12.0 ], 
            "to": [ 2.0, 3.0, 14.0 ], 
            "faces": {
                "north": { "texture": "#side", "uv": [ 12.0, 13.0, 14.0, 16.0 ] },
                "east": { "texture": "#side", "uv": [ 12.0, 13.0, 14.0, 16.0 ] },
                "down": { "texture": "#bottom", "uv": [ 0.0, 0.0, 2.0, 2.0 ], "cullface": "down" }
            }
        },
        {
            "name": "Element",
            "from": [ 12.0, 0.0, 14.0 ], 
            "to": [ 16.0, 3.0, 16.0 ], 
            "faces": {
                "north": { "texture": "#side", "uv": [ 12.0, 13.0, 16.0, 16.0 ] },
                "west": { "texture": "#side", "uv": [ 14.0, 13.0, 16.0, 16.0 ] },
                "down": { "texture": "#bottom", "uv": [ 0.0, 0.0, 4.0, 2.0 ], "cullface": "down" }
            }
        },
        {
            "name": "Element",
            "from": [ 14.0, 0.0, 12.0 ], 
            "to": [ 16.0, 3.0, 14.0 ], 
            "faces": {
                "north": { "texture": "#side", "uv": [ 2.0, 13.0, 4.0, 16.0 ] },
                "west": { "texture": "#side", "uv": [ 2.0, 13.0, 4.0, 16.0 ] },
                "down": { "texture": "#bottom", "uv": [ 0.0, 0.0, 2.0, 2.0 ], "cullface": "down" }
            }
        },
        {
            "name": "Cube",
            "from": [ 16.0, 4.0, 4.0 ], 
            "to": [ 14.0, 14.0, 12.0 ], 
            "faces": {
                "north": { "texture": "#inside", "uv": [ 2.0, 3.0, 0.0, 13.0 ] },
                "east": { "texture": "#bottom", "uv": [ 4.0, 3.0, 12.0, 13.0 ] },
                "south": { "texture": "#inside", "uv": [ 2.0, 3.0, 0.0, 13.0 ] },
                "west": { "texture": "#bottom", "uv": [ 4.0, 3.0, 12.0, 13.0 ] },
                "up": { "texture": "#inside", "uv": [ 2.0, 4.0, 0.0, 12.0 ] }
            }
        },
        {
            "name": "Cube",
            "from": [ 2.0, 4.0, 4.0 ], 
            "to": [ 0.0, 14.0, 12.0 ], 
            "faces": {
                "north": { "texture": "#inside", "uv": [ 2.0, 3.0, 0.0, 13.0 ] },
                "east": { "texture": "#bottom", "uv": [ 4.0, 3.0, 12.0, 13.0 ] },
                "south": { "texture": "#inside", "uv": [ 2.0, 3.0, 0.0, 13.0 ] },
                "west": { "texture": "#bottom", "uv": [ 4.0, 3.0, 12.0, 13.0 ] },
                "up": { "texture": "#inside", "uv": [ 2.0, 4.0, 0.0, 12.0 ] }
            }
        },
        {
            "name": "Cube",
            "from": [ 12.0, 4.0, 0.0 ], 
            "to": [ 4.0, 14.0, 2.0 ], 
            "faces": {
                "north": { "texture": "#bottom", "uv": [ 12.0, 3.0, 4.0, 13.0 ] },
                "east": { "texture": "#inside", "uv": [ 0.0, 3.0, 2.0, 13.0 ] },
                "south": { "texture": "#bottom", "uv": [ 12.0, 3.0, 4.0, 13.0 ] },
                "west": { "texture": "#inside", "uv": [ 0.0, 3.0, 2.0, 13.0 ] },
                "up": { "texture": "#inside", "uv": [ 12.0, 14.0, 4.0, 16.0 ] }
            }
        },
        {
            "name": "Cube",
            "from": [ 12.0, 4.0, 14.0 ], 
            "to": [ 4.0, 14.0, 16.0 ], 
            "faces": {
                "north": { "texture": "#bottom", "uv": [ 12.0, 3.0, 4.0, 13.0 ] },
                "east": { "texture": "#inside", "uv": [ 0.0, 3.0, 2.0, 13.0 ] },
                "south": { "texture": "#bottom", "uv": [ 12.0, 3.0, 4.0, 13.0 ] },
                "west": { "texture": "#inside", "uv": [ 0.0, 3.0, 2.0, 13.0 ] },
                "up": { "texture": "#inside", "uv": [ 12.0, 0.0, 4.0, 2.0 ] }
            }
        },
        {
            "name": "Cube",
            "from": [ 2.0, 4.0, 2.0 ], 
            "to": [ 14.0, 13.0, 14.0 ], 
            "faces": {
                "north": { "texture": "#liquid", "uv": [ 0.0, 0.0, 12.0, 9.0 ] },
                "east": { "texture": "#liquid", "uv": [ 0.0, 0.0, 12.0, 9.0 ] },
                "south": { "texture": "#liquid", "uv": [ 0.0, 0.0, 12.0, 9.0 ] },
                "west": { "texture": "#liquid", "uv": [ 0.0, 0.0, 12.0, 9.0 ] },
                "up": { "texture": "#liquid", "uv": [ 0.0, 0.0, 12.0, 12.0 ] },
                "down": { "texture": "#liquid", "uv": [ 0.0, 0.0, 12.0, 12.0 ] }
            }
        },
        {
            "name": "Cube",
            "from": [ 0.0, 0.0, 0.0 ], 
            "to": [ 16.0, 16.0, 16.0 ], 
            "faces": {
                "north": { "texture": "#side", "uv": [ 0.0, 0.0, 16.0, 16.0 ] },
                "east": { "texture": "#side", "uv": [ 0.0, 0.0, 16.0, 16.0 ] },
                "south": { "texture": "#side", "uv": [ 0.0, 0.0, 16.0, 16.0 ] },
                "west": { "texture": "#side", "uv": [ 0.0, 0.0, 16.0, 16.0 ] },
                "up": { "texture": "#top", "uv": [ 0.0, 0.0, 16.0, 16.0 ] }
            }
        },
        {
            "name": "Cube",
            "from": [ 1.99, 16.01, 1.99 ], 
            "to": [ 14.01, 3.99, 14.01 ], 
            "faces": {
                "north": { "texture": "#side", "uv": [ 2.0, 12.0, 14.0, 0.0 ] },
                "east": { "texture": "#side", "uv": [ 2.0, 12.0, 14.0, 0.0 ] },
                "south": { "texture": "#side", "uv": [ 2.0, 12.0, 14.0, 0.0 ] },
                "west": { "texture": "#side", "uv": [ 2.0, 12.0, 14.0, 0.0 ] }
            }
        }
    ]
}