{
    "textures": {
        "chess_pieces": "minecraft:blocks/chess_pieces",
        "chess_board": "minecraft:blocks/chess_board"
    },
	"display": 
	{
		"thirdperson_righthand": 
		{
			"rotation": [ 90, 0, 0 ],
			"translation": [ -6, -2, 12 ],
			"scale": [ 1, 1, 1 ]
		}
	},
    "elements": [
        {
            "name": "Cube",
            "from": [ 2, 0, 2 ], 
            "to": [ 14, 0.5, 14 ], 
            "faces": {
                "north": { "texture": "#chess_board", "uv": [ 0, 0, 16, 0.5 ] },
                "east": { "texture": "#chess_board", "uv": [ 0, 15, 16, 15.5 ] },
                "south": { "texture": "#chess_board", "uv": [ 0, 0, 16, 0.5 ] },
                "west": { "texture": "#chess_board", "uv": [ 0, 15, 16, 15.5 ] },
                "up": { "texture": "#chess_board", "uv": [ 0, 0, 16, 16 ], "rotation": 90 },
                "down": { "texture": "#chess_board", "uv": [ 0, 0, 16, 16 ] }
            }
        },
        {
            "name": "Cube",
            "from": [ 2.3, 0.5, 11.4 ], 
            "to": [ 3.1, 1.5, 12.2 ], 
            "faces": {
                "north": { "texture": "#chess_pieces", "uv": [ 0, 11, 0.8, 12 ] },
                "east": { "texture": "#chess_pieces", "uv": [ 0, 11, 0.8, 12 ] },
                "south": { "texture": "#chess_pieces", "uv": [ 0, 11, 0.8, 12 ] },
                "west": { "texture": "#chess_pieces", "uv": [ 0, 11, 0.8, 12 ] },
                "up": { "texture": "#chess_pieces", "uv": [ 0, 11, 0.8, 11.8 ] }
            }
        },
        {
            "name": "Cube",
            "from": [ 3.8, 0.5, 11.4 ], 
            "to": [ 4.6, 1.5, 12.2 ], 
            "faces": {
                "north": { "texture": "#chess_pieces", "uv": [ 0, 11, 0.8, 12 ] },
                "east": { "texture": "#chess_pieces", "uv": [ 0, 11, 0.8, 12 ] },
                "south": { "texture": "#chess_pieces", "uv": [ 0, 11, 0.8, 12 ] },
                "west": { "texture": "#chess_pieces", "uv": [ 0, 11, 0.8, 12 ] },
                "up": { "texture": "#chess_pieces", "uv": [ 0, 11, 0.8, 11.8 ] }
            }
        },
        {
            "name": "Cube",
            "from": [ 5.4, 0.5, 11.4 ], 
            "to": [ 6.2, 1.5, 12.2 ], 
            "faces": {
                "north": { "texture": "#chess_pieces", "uv": [ 0, 11, 0.8, 12 ] },
                "east": { "texture": "#chess_pieces", "uv": [ 0, 11, 0.8, 12 ] },
                "south": { "texture": "#chess_pieces", "uv": [ 0, 11, 0.8, 12 ] },
                "west": { "texture": "#chess_pieces", "uv": [ 0, 11, 0.8, 12 ] },
                "up": { "texture": "#chess_pieces", "uv": [ 0, 11, 0.8, 11.8 ] }
            }
        },
        {
            "name": "Cube",
            "from": [ 6.8, 0.5, 11.5 ], 
            "to": [ 7.6, 1.5, 12.3 ], 
            "faces": {
                "north": { "texture": "#chess_pieces", "uv": [ 0, 11, 0.8, 12 ] },
                "east": { "texture": "#chess_pieces", "uv": [ 0, 11, 0.8, 12 ] },
                "south": { "texture": "#chess_pieces", "uv": [ 0, 11, 0.8, 12 ] },
                "west": { "texture": "#chess_pieces", "uv": [ 0, 11, 0.8, 12 ] },
                "up": { "texture": "#chess_pieces", "uv": [ 0, 11, 0.8, 11.8 ] }
            }
        },
        {
            "name": "Cube",
            "from": [ 8.3, 0.5, 11.4 ], 
            "to": [ 9.1, 1.5, 12.2 ], 
            "faces": {
                "north": { "texture": "#chess_pieces", "uv": [ 0, 11, 0.8, 12 ] },
                "east": { "texture": "#chess_pieces", "uv": [ 0, 11, 0.8, 12 ] },
                "south": { "texture": "#chess_pieces", "uv": [ 0, 11, 0.8, 12 ] },
                "west": { "texture": "#chess_pieces", "uv": [ 0, 11, 0.8, 12 ] },
                "up": { "texture": "#chess_pieces", "uv": [ 0, 11, 0.8, 11.8 ] }
            }
        },
        {
            "name": "Cube",
            "from": [ 9.8, 0.5, 11.5 ], 
            "to": [ 10.6, 1.5, 12.3 ], 
            "faces": {
                "north": { "texture": "#chess_pieces", "uv": [ 0, 11, 0.8, 12 ] },
                "east": { "texture": "#chess_pieces", "uv": [ 0, 11, 0.8, 12 ] },
                "south": { "texture": "#chess_pieces", "uv": [ 0, 11, 0.8, 12 ] },
                "west": { "texture": "#chess_pieces", "uv": [ 0, 11, 0.8, 12 ] },
                "up": { "texture": "#chess_pieces", "uv": [ 0, 11, 0.8, 11.8 ] }
            }
        },
        {
            "name": "Cube",
            "from": [ 11.3, 0.5, 11.4 ], 
            "to": [ 12.1, 1.5, 12.2 ], 
            "faces": {
                "north": { "texture": "#chess_pieces", "uv": [ 0, 11, 0.8, 12 ] },
                "east": { "texture": "#chess_pieces", "uv": [ 0, 11, 0.8, 12 ] },
                "south": { "texture": "#chess_pieces", "uv": [ 0, 11, 0.8, 12 ] },
                "west": { "texture": "#chess_pieces", "uv": [ 0, 11, 0.8, 12 ] },
                "up": { "texture": "#chess_pieces", "uv": [ 0, 11, 0.8, 11.8 ] }
            }
        },
        {
            "name": "Cube",
            "from": [ 12.9, 0.5, 11.4 ], 
            "to": [ 13.7, 1.5, 12.2 ], 
            "faces": {
                "north": { "texture": "#chess_pieces", "uv": [ 0, 11, 0.8, 12 ] },
                "east": { "texture": "#chess_pieces", "uv": [ 0, 11, 0.8, 12 ] },
                "south": { "texture": "#chess_pieces", "uv": [ 0, 11, 0.8, 12 ] },
                "west": { "texture": "#chess_pieces", "uv": [ 0, 11, 0.8, 12 ] },
                "up": { "texture": "#chess_pieces", "uv": [ 0, 11, 0.8, 11.8 ] }
            }
        },
        {
            "name": "Cube",
            "from": [ 12.8, 0.5, 13 ], 
            "to": [ 13.6, 1.5, 13.8 ], 
            "faces": {
                "north": { "texture": "#chess_pieces", "uv": [ 0, 15, 0.8, 16 ] },
                "east": { "texture": "#chess_pieces", "uv": [ 0, 15, 0.8, 16 ] },
                "south": { "texture": "#chess_pieces", "uv": [ 0, 15, 0.8, 16 ] },
                "west": { "texture": "#chess_pieces", "uv": [ 0, 15, 0.8, 16 ] }
            }
        },
        {
            "name": "Cube",
            "from": [ 12.7, 1.5, 12.9 ], 
            "to": [ 13.7, 1.9, 13.9 ], 
            "faces": {
                "north": { "texture": "#chess_pieces", "uv": [ 0, 15, 1, 15.4 ] },
                "east": { "texture": "#chess_pieces", "uv": [ 0, 14, 1, 14.4 ] },
                "south": { "texture": "#chess_pieces", "uv": [ 0, 14, 1, 14.4 ] },
                "west": { "texture": "#chess_pieces", "uv": [ 0, 14, 1, 14.4 ] },
                "up": { "texture": "#chess_pieces", "uv": [ 0, 14, 1, 15 ] },
                "down": { "texture": "#chess_pieces", "uv": [ 0, 15, 1, 16 ] }
            }
        },
        {
            "name": "Cube",
            "from": [ 8.4, 0.5, 12.9 ], 
            "to": [ 9.2, 2.5, 13.7 ], 
            "faces": {
                "north": { "texture": "#chess_pieces", "uv": [ 8, 14, 8.8, 16 ] },
                "east": { "texture": "#chess_pieces", "uv": [ 8, 14, 8.8, 16 ] },
                "south": { "texture": "#chess_pieces", "uv": [ 8, 14, 8.8, 16 ] },
                "west": { "texture": "#chess_pieces", "uv": [ 8, 14, 8.8, 16 ] },
                "up": { "texture": "#chess_pieces", "uv": [ 8, 13, 8.8, 13.8 ] }
            }
        },
        {
            "name": "Cube",
            "from": [ 6.9, 0.5, 12.9 ], 
            "to": [ 7.7, 2.5, 13.7 ], 
            "faces": {
                "north": { "texture": "#chess_pieces", "uv": [ 6, 13.5, 6.8, 15.5 ] },
                "east": { "texture": "#chess_pieces", "uv": [ 6, 13.5, 6.8, 15.5 ] },
                "south": { "texture": "#chess_pieces", "uv": [ 6, 13.5, 6.8, 15.5 ] },
                "west": { "texture": "#chess_pieces", "uv": [ 6, 13.5, 6.8, 15.5 ] },
                "up": { "texture": "#chess_pieces", "uv": [ 6, 13, 6.8, 13.8 ] }
            }
        },
        {
            "name": "Cube",
            "from": [ 9.8, 0.5, 12.9 ], 
            "to": [ 10.6, 2, 13.7 ], 
            "faces": {
                "north": { "texture": "#chess_pieces", "uv": [ 4, 14.5, 4.8, 16 ] },
                "east": { "texture": "#chess_pieces", "uv": [ 4, 14.5, 4.8, 16 ] },
                "south": { "texture": "#chess_pieces", "uv": [ 4, 14.5, 4.8, 16 ] },
                "west": { "texture": "#chess_pieces", "uv": [ 4, 14.5, 4.8, 16 ] },
                "up": { "texture": "#chess_pieces", "uv": [ 4, 14, 4.8, 14.8 ] }
            }
        },
        {
            "name": "Cube",
            "from": [ 11.3, 0.5, 13 ], 
            "to": [ 12.1, 2, 13.8 ], 
            "faces": {
                "north": { "texture": "#chess_pieces", "uv": [ 2, 14, 2.8, 15.5 ] },
                "east": { "texture": "#chess_pieces", "uv": [ 2, 14, 2.8, 15.5 ] },
                "south": { "texture": "#chess_pieces", "uv": [ 2, 14, 2.8, 15.5 ] },
                "west": { "texture": "#chess_pieces", "uv": [ 2, 14, 2.8, 15.5 ] },
                "up": { "texture": "#chess_pieces", "uv": [ 2, 14, 2.8, 14.8 ] }
            }
        },
        {
            "name": "Cube",
            "from": [ 2.2, 0.5, 3.7 ], 
            "to": [ 3, 1.5, 4.5 ], 
            "faces": {
                "north": { "texture": "#chess_pieces", "uv": [ 0, 4, 0.8, 5 ] },
                "east": { "texture": "#chess_pieces", "uv": [ 0, 4, 0.8, 5 ] },
                "south": { "texture": "#chess_pieces", "uv": [ 0, 4, 0.8, 5 ] },
                "west": { "texture": "#chess_pieces", "uv": [ 0, 4, 0.8, 5 ] },
                "up": { "texture": "#chess_pieces", "uv": [ 0, 4, 0.8, 4.8 ] }
            }
        },
        {
            "name": "Cube",
            "from": [ 3.7, 0.5, 3.8 ], 
            "to": [ 4.5, 1.5, 4.6 ], 
            "faces": {
                "north": { "texture": "#chess_pieces", "uv": [ 0, 4, 0.8, 5 ] },
                "east": { "texture": "#chess_pieces", "uv": [ 0, 4, 0.8, 5 ] },
                "south": { "texture": "#chess_pieces", "uv": [ 0, 4, 0.8, 5 ] },
                "west": { "texture": "#chess_pieces", "uv": [ 0, 4, 0.8, 5 ] },
                "up": { "texture": "#chess_pieces", "uv": [ 0, 4, 0.8, 4.8 ] }
            }
        },
        {
            "name": "Cube",
            "from": [ 5.5, 0.5, 3.8 ], 
            "to": [ 6.3, 1.5, 4.6 ], 
            "faces": {
                "north": { "texture": "#chess_pieces", "uv": [ 0, 4, 0.8, 5 ] },
                "east": { "texture": "#chess_pieces", "uv": [ 0, 4, 0.8, 5 ] },
                "south": { "texture": "#chess_pieces", "uv": [ 0, 4, 0.8, 5 ] },
                "west": { "texture": "#chess_pieces", "uv": [ 0, 4, 0.8, 5 ] },
                "up": { "texture": "#chess_pieces", "uv": [ 0, 4, 0.8, 4.8 ] }
            }
        },
        {
            "name": "Cube",
            "from": [ 6.8, 0.5, 3.8 ], 
            "to": [ 7.6, 1.5, 4.6 ], 
            "faces": {
                "north": { "texture": "#chess_pieces", "uv": [ 0, 4, 0.8, 5 ] },
                "east": { "texture": "#chess_pieces", "uv": [ 0, 4, 0.8, 5 ] },
                "south": { "texture": "#chess_pieces", "uv": [ 0, 4, 0.8, 5 ] },
                "west": { "texture": "#chess_pieces", "uv": [ 0, 4, 0.8, 5 ] },
                "up": { "texture": "#chess_pieces", "uv": [ 0, 4, 0.8, 4.8 ] }
            }
        },
        {
            "name": "Cube",
            "from": [ 8.2, 0.5, 3.8 ], 
            "to": [ 9, 1.5, 4.6 ], 
            "faces": {
                "north": { "texture": "#chess_pieces", "uv": [ 0, 4, 0.8, 5 ] },
                "east": { "texture": "#chess_pieces", "uv": [ 0, 4, 0.8, 5 ] },
                "south": { "texture": "#chess_pieces", "uv": [ 0, 4, 0.8, 5 ] },
                "west": { "texture": "#chess_pieces", "uv": [ 0, 4, 0.8, 5 ] },
                "up": { "texture": "#chess_pieces", "uv": [ 0, 4, 0.8, 4.8 ] }
            }
        },
        {
            "name": "Cube",
            "from": [ 9.8, 0.5, 3.9 ], 
            "to": [ 10.6, 1.5, 4.7 ], 
            "faces": {
                "north": { "texture": "#chess_pieces", "uv": [ 0, 4, 0.8, 5 ] },
                "east": { "texture": "#chess_pieces", "uv": [ 0, 4, 0.8, 5 ] },
                "south": { "texture": "#chess_pieces", "uv": [ 0, 4, 0.8, 5 ] },
                "west": { "texture": "#chess_pieces", "uv": [ 0, 4, 0.8, 5 ] },
                "up": { "texture": "#chess_pieces", "uv": [ 0, 4, 0.8, 4.8 ] }
            }
        },
        {
            "name": "Cube",
            "from": [ 11.2, 0.5, 3.8 ], 
            "to": [ 12, 1.5, 4.6 ], 
            "faces": {
                "north": { "texture": "#chess_pieces", "uv": [ 0, 4, 0.8, 5 ] },
                "east": { "texture": "#chess_pieces", "uv": [ 0, 4, 0.8, 5 ] },
                "south": { "texture": "#chess_pieces", "uv": [ 0, 4, 0.8, 5 ] },
                "west": { "texture": "#chess_pieces", "uv": [ 0, 4, 0.8, 5 ] },
                "up": { "texture": "#chess_pieces", "uv": [ 0, 4, 0.8, 4.8 ] }
            }
        },
        {
            "name": "Cube",
            "from": [ 12.8, 0.5, 3.7 ], 
            "to": [ 13.6, 1.5, 4.5 ], 
            "faces": {
                "north": { "texture": "#chess_pieces", "uv": [ 0, 4, 0.8, 5 ] },
                "east": { "texture": "#chess_pieces", "uv": [ 0, 4, 0.8, 5 ] },
                "south": { "texture": "#chess_pieces", "uv": [ 0, 4, 0.8, 5 ] },
                "west": { "texture": "#chess_pieces", "uv": [ 0, 4, 0.8, 5 ] },
                "up": { "texture": "#chess_pieces", "uv": [ 0, 4, 0.8, 4.8 ] }
            }
        },
        {
            "name": "Cube",
            "from": [ 12.9, 0.5, 2.4 ], 
            "to": [ 13.7, 1.5, 3.2 ], 
            "faces": {
                "north": { "texture": "#chess_pieces", "uv": [ 0, 2, 0.8, 3 ] },
                "east": { "texture": "#chess_pieces", "uv": [ 0, 2, 0.8, 3 ] },
                "south": { "texture": "#chess_pieces", "uv": [ 0, 2, 0.8, 3 ] },
                "west": { "texture": "#chess_pieces", "uv": [ 0, 2, 0.8, 3 ] }
            }
        },
        {
            "name": "Cube",
            "from": [ 12.8, 1.5, 2.3 ], 
            "to": [ 13.8, 1.9, 3.3 ], 
            "faces": {
                "north": { "texture": "#chess_pieces", "uv": [ 0, 1, 1, 1.4 ] },
                "east": { "texture": "#chess_pieces", "uv": [ 0, 1, 1, 1.4 ] },
                "south": { "texture": "#chess_pieces", "uv": [ 0, 1, 1, 1.4 ] },
                "west": { "texture": "#chess_pieces", "uv": [ 0, 1, 1, 1.4 ] },
                "up": { "texture": "#chess_pieces", "uv": [ 0, 1, 1, 2 ] },
                "down": { "texture": "#chess_pieces", "uv": [ 0, 1, 1, 2 ] }
            }
        },
        {
            "name": "Cube",
            "from": [ 11.3, 0.5, 2.5 ], 
            "to": [ 12.1, 2, 3.3 ], 
            "faces": {
                "north": { "texture": "#chess_pieces", "uv": [ 2, 1, 2.8, 2.5 ] },
                "east": { "texture": "#chess_pieces", "uv": [ 2, 1, 2.8, 2.5 ] },
                "south": { "texture": "#chess_pieces", "uv": [ 2, 1, 2.8, 2.5 ] },
                "west": { "texture": "#chess_pieces", "uv": [ 2, 1, 2.8, 2.5 ] },
                "up": { "texture": "#chess_pieces", "uv": [ 2, 1, 2.8, 1.8 ] }
            }
        },
        {
            "name": "Cube",
            "from": [ 9.9, 0.5, 2.3 ], 
            "to": [ 10.7, 2, 3.1 ], 
            "faces": {
                "north": { "texture": "#chess_pieces", "uv": [ 4, 1.5, 4.8, 3 ] },
                "east": { "texture": "#chess_pieces", "uv": [ 4, 1.5, 4.8, 3 ] },
                "south": { "texture": "#chess_pieces", "uv": [ 4, 1.5, 4.8, 3 ] },
                "west": { "texture": "#chess_pieces", "uv": [ 4, 1.5, 4.8, 3 ] },
                "up": { "texture": "#chess_pieces", "uv": [ 4, 1, 4.8, 1.8 ] }
            }
        },
        {
            "name": "Cube",
            "from": [ 6.8, 0.5, 2.3 ], 
            "to": [ 7.6, 2.5, 3.1 ], 
            "faces": {
                "north": { "texture": "#chess_pieces", "uv": [ 6, 0.5, 6.8, 2.5 ] },
                "east": { "texture": "#chess_pieces", "uv": [ 6, 0.5, 6.8, 2.5 ] },
                "south": { "texture": "#chess_pieces", "uv": [ 6, 0.5, 6.8, 2.5 ] },
                "west": { "texture": "#chess_pieces", "uv": [ 6, 0.5, 6.8, 2.5 ] },
                "up": { "texture": "#chess_pieces", "uv": [ 6, 0, 6.8, 0.8 ] }
            }
        },
        {
            "name": "Cube",
            "from": [ 8.3, 0.5, 2.3 ], 
            "to": [ 9.1, 2.5, 3.1 ], 
            "faces": {
                "north": { "texture": "#chess_pieces", "uv": [ 8, 1, 8.8, 3 ] },
                "east": { "texture": "#chess_pieces", "uv": [ 8, 1, 8.8, 3 ] },
                "south": { "texture": "#chess_pieces", "uv": [ 8, 1, 8.8, 3 ] },
                "west": { "texture": "#chess_pieces", "uv": [ 8, 1, 8.8, 3 ] },
                "up": { "texture": "#chess_pieces", "uv": [ 8, 0, 8.8, 0.8 ] }
            }
        },
        {
            "name": "Cube",
            "from": [ 5.4, 0.5, 2.2 ], 
            "to": [ 6.2, 2, 3 ], 
            "faces": {
                "north": { "texture": "#chess_pieces", "uv": [ 4, 1.5, 4.8, 3 ] },
                "east": { "texture": "#chess_pieces", "uv": [ 4, 1.5, 4.8, 3 ] },
                "south": { "texture": "#chess_pieces", "uv": [ 4, 1.5, 4.8, 3 ] },
                "west": { "texture": "#chess_pieces", "uv": [ 4, 1.5, 4.8, 3 ] },
                "up": { "texture": "#chess_pieces", "uv": [ 4, 1, 4.8, 1.8 ] }
            }
        },
        {
            "name": "Cube",
            "from": [ 3.9, 0.5, 2.4 ], 
            "to": [ 4.7, 2, 3.2 ], 
            "faces": {
                "north": { "texture": "#chess_pieces", "uv": [ 2, 1, 2.8, 2.5 ] },
                "east": { "texture": "#chess_pieces", "uv": [ 2, 1, 2.8, 2.5 ] },
                "south": { "texture": "#chess_pieces", "uv": [ 2, 1, 2.8, 2.5 ] },
                "west": { "texture": "#chess_pieces", "uv": [ 2, 1, 2.8, 2.5 ] },
                "up": { "texture": "#chess_pieces", "uv": [ 2, 1, 2.8, 1.8 ] }
            }
        },
        {
            "name": "Cube",
            "from": [ 2.3, 1.5, 2.3 ], 
            "to": [ 3.3, 1.9, 3.3 ], 
            "faces": {
                "north": { "texture": "#chess_pieces", "uv": [ 0, 1, 1, 1.4 ] },
                "east": { "texture": "#chess_pieces", "uv": [ 0, 1, 1, 1.4 ] },
                "south": { "texture": "#chess_pieces", "uv": [ 0, 1, 1, 1.4 ] },
                "west": { "texture": "#chess_pieces", "uv": [ 0, 1, 1, 1.4 ] },
                "up": { "texture": "#chess_pieces", "uv": [ 0, 1, 1, 2 ] },
                "down": { "texture": "#chess_pieces", "uv": [ 0, 1, 1, 2 ] }
            }
        },
        {
            "name": "Cube",
            "from": [ 2.4, 0.5, 2.4 ], 
            "to": [ 3.2, 1.5, 3.2 ], 
            "faces": {
                "north": { "texture": "#chess_pieces", "uv": [ 0, 2, 0.8, 3 ] },
                "east": { "texture": "#chess_pieces", "uv": [ 0, 2, 0.8, 3 ] },
                "south": { "texture": "#chess_pieces", "uv": [ 0, 2, 0.8, 3 ] },
                "west": { "texture": "#chess_pieces", "uv": [ 0, 2, 0.8, 3 ] }
            }
        },
        {
            "name": "Cube",
            "from": [ 5.4, 0.5, 12.9 ], 
            "to": [ 6.2, 2, 13.7 ], 
            "faces": {
                "north": { "texture": "#chess_pieces", "uv": [ 4, 14.5, 4.8, 16 ] },
                "east": { "texture": "#chess_pieces", "uv": [ 4, 14.5, 4.8, 16 ] },
                "south": { "texture": "#chess_pieces", "uv": [ 4, 14.5, 4.8, 16 ] },
                "west": { "texture": "#chess_pieces", "uv": [ 4, 14.5, 4.8, 16 ] },
                "up": { "texture": "#chess_pieces", "uv": [ 4, 14, 4.8, 14.8 ] }
            }
        },
        {
            "name": "Cube",
            "from": [ 3.9, 0.5, 12.9 ], 
            "to": [ 4.7, 2, 13.7 ], 
            "faces": {
                "north": { "texture": "#chess_pieces", "uv": [ 2, 14, 2.8, 15.5 ] },
                "east": { "texture": "#chess_pieces", "uv": [ 2, 14, 2.8, 15.5 ] },
                "south": { "texture": "#chess_pieces", "uv": [ 2, 14, 2.8, 15.5 ] },
                "west": { "texture": "#chess_pieces", "uv": [ 2, 14, 2.8, 15.5 ] },
                "up": { "texture": "#chess_pieces", "uv": [ 2, 14, 2.8, 14.8 ] }
            }
        },
        {
            "name": "Cube",
            "from": [ 2.4, 0.5, 13 ], 
            "to": [ 3.2, 1.5, 13.8 ], 
            "faces": {
                "north": { "texture": "#chess_pieces", "uv": [ 0, 15, 0.8, 16 ] },
                "east": { "texture": "#chess_pieces", "uv": [ 0, 15, 0.8, 16 ] },
                "south": { "texture": "#chess_pieces", "uv": [ 0, 15, 0.8, 16 ] },
                "west": { "texture": "#chess_pieces", "uv": [ 0, 15, 0.8, 16 ] }
            }
        },
        {
            "name": "Cube",
            "from": [ 2.3, 1.5, 12.9 ], 
            "to": [ 3.3, 1.9, 13.9 ], 
            "faces": {
                "north": { "texture": "#chess_pieces", "uv": [ 0, 15, 1, 15.4 ] },
                "east": { "texture": "#chess_pieces", "uv": [ 0, 14, 1, 14.4 ] },
                "south": { "texture": "#chess_pieces", "uv": [ 0, 14, 1, 14.4 ] },
                "west": { "texture": "#chess_pieces", "uv": [ 0, 14, 1, 14.4 ] },
                "up": { "texture": "#chess_pieces", "uv": [ 0, 14, 1, 15 ] },
                "down": { "texture": "#chess_pieces", "uv": [ 0, 15, 1, 16 ] }
            }
        }
    ]
}