{
    "textures": {
        "chess_pieces": "minecraft:blocks/chess_pieces",
        "chess_board": "minecraft:blocks/chess_board"
    },
	"display": 
	{
		"thirdperson_righthand": 
		{
			"rotation": [ 90, 0, 0 ],
			"translation": [ -6, -2, 12 ],
			"scale": [ 1, 1, 1 ]
		}
	},
    "elements": [
        {
            "name": "Cube",
            "from": [ 2, 0, 2 ], 
            "to": [ 14, 0.5, 14 ], 
            "faces": {
                "north": { "texture": "#chess_board", "uv": [ 0, 0, 16, 0.5 ] },
                "east": { "texture": "#chess_board", "uv": [ 0, 15, 16, 15.5 ] },
                "south": { "texture": "#chess_board", "uv": [ 0, 0, 16, 0.5 ] },
                "west": { "texture": "#chess_board", "uv": [ 0, 15, 16, 15.5 ] },
                "up": { "texture": "#chess_board", "uv": [ 0, 0, 16, 16 ], "rotation": 90 },
                "down": { "texture": "#chess_board", "uv": [ 0, 0, 16, 16 ] }
            }
        },
        {
            "name": "Cube",
            "from": [ 14.3, 0, 6.4 ], 
            "to": [ 15.1, 1, 7.2 ], 
            "faces": {
                "north": { "texture": "#chess_pieces", "uv": [ 0, 11, 0.8, 12 ] },
                "east": { "texture": "#chess_pieces", "uv": [ 0, 11, 0.8, 12 ] },
                "south": { "texture": "#chess_pieces", "uv": [ 0, 11, 0.8, 12 ] },
                "west": { "texture": "#chess_pieces", "uv": [ 0, 11, 0.8, 12 ] },
                "up": { "texture": "#chess_pieces", "uv": [ 0, 11, 0.8, 11.8 ] },
                "down": { "texture": "#chess_pieces", "uv": [ 0, 11, 0.8, 11.8 ] }
            }
        },
        {
            "name": "Cube",
            "from": [ 14.1, 0, 5.2 ], 
            "to": [ 14.9, 1, 6 ], 
            "faces": {
                "north": { "texture": "#chess_pieces", "uv": [ 0, 11, 0.8, 12 ] },
                "east": { "texture": "#chess_pieces", "uv": [ 0, 11, 0.8, 12 ] },
                "south": { "texture": "#chess_pieces", "uv": [ 0, 11, 0.8, 12 ] },
                "west": { "texture": "#chess_pieces", "uv": [ 0, 11, 0.8, 12 ] },
                "up": { "texture": "#chess_pieces", "uv": [ 0, 11, 0.8, 11.8 ] },
                "down": { "texture": "#chess_pieces", "uv": [ 0, 11, 0.8, 11.8 ] }
            }
        },
        {
            "name": "Cube",
            "from": [ 10.4, 0, 0.4 ], 
            "to": [ 11.2, 1, 1.2 ], 
            "faces": {
                "north": { "texture": "#chess_pieces", "uv": [ 0, 11, 0.8, 12 ] },
                "east": { "texture": "#chess_pieces", "uv": [ 0, 11, 0.8, 12 ] },
                "south": { "texture": "#chess_pieces", "uv": [ 0, 11, 0.8, 12 ] },
                "west": { "texture": "#chess_pieces", "uv": [ 0, 11, 0.8, 12 ] },
                "up": { "texture": "#chess_pieces", "uv": [ 0, 11, 0.8, 11.8 ] },
                "down": { "texture": "#chess_pieces", "uv": [ 0, 11, 0.8, 11.8 ] }
            }
        },
        {
            "name": "Cube",
            "from": [ 14.2, 0, 2.5 ], 
            "to": [ 15, 1, 3.3 ], 
            "faces": {
                "north": { "texture": "#chess_pieces", "uv": [ 0, 11, 0.8, 12 ] },
                "east": { "texture": "#chess_pieces", "uv": [ 0, 11, 0.8, 12 ] },
                "south": { "texture": "#chess_pieces", "uv": [ 0, 11, 0.8, 12 ] },
                "west": { "texture": "#chess_pieces", "uv": [ 0, 11, 0.8, 12 ] },
                "up": { "texture": "#chess_pieces", "uv": [ 0, 11, 0.8, 11.8 ] },
                "down": { "texture": "#chess_pieces", "uv": [ 0, 11, 0.8, 11.8 ] }
            }
        },
        {
            "name": "Cube",
            "from": [ 11.8, 0, 0.4 ], 
            "to": [ 12.6, 1, 1.2 ], 
            "faces": {
                "north": { "texture": "#chess_pieces", "uv": [ 0, 11, 0.8, 12 ] },
                "east": { "texture": "#chess_pieces", "uv": [ 0, 11, 0.8, 12 ] },
                "south": { "texture": "#chess_pieces", "uv": [ 0, 11, 0.8, 12 ] },
                "west": { "texture": "#chess_pieces", "uv": [ 0, 11, 0.8, 12 ] },
                "up": { "texture": "#chess_pieces", "uv": [ 0, 11, 0.8, 11.8 ] },
                "down": { "texture": "#chess_pieces", "uv": [ 0, 11, 0.8, 11.8 ] }
            }
        },
        {
            "name": "Cube",
            "from": [ 12.8, 0, 0.1 ], 
            "to": [ 13.6, 1, 0.9 ], 
            "faces": {
                "north": { "texture": "#chess_pieces", "uv": [ 0, 11, 0.8, 12 ] },
                "east": { "texture": "#chess_pieces", "uv": [ 0, 11, 0.8, 12 ] },
                "south": { "texture": "#chess_pieces", "uv": [ 0, 11, 0.8, 12 ] },
                "west": { "texture": "#chess_pieces", "uv": [ 0, 11, 0.8, 12 ] },
                "up": { "texture": "#chess_pieces", "uv": [ 0, 11, 0.8, 11.8 ] },
                "down": { "texture": "#chess_pieces", "uv": [ 0, 11, 0.8, 11.8 ] }
            }
        },
        {
            "name": "Cube",
            "from": [ 13, 0, 1 ], 
            "to": [ 13.8, 1, 1.8 ], 
            "faces": {
                "north": { "texture": "#chess_pieces", "uv": [ 0, 11, 0.8, 12 ] },
                "east": { "texture": "#chess_pieces", "uv": [ 0, 11, 0.8, 12 ] },
                "south": { "texture": "#chess_pieces", "uv": [ 0, 11, 0.8, 12 ] },
                "west": { "texture": "#chess_pieces", "uv": [ 0, 11, 0.8, 12 ] },
                "up": { "texture": "#chess_pieces", "uv": [ 0, 11, 0.8, 11.8 ] },
                "down": { "texture": "#chess_pieces", "uv": [ 0, 11, 0.8, 11.8 ] }
            }
        },
        {
            "name": "Cube",
            "from": [ 13.9, 0, 0.4 ], 
            "to": [ 14.7, 1, 1.2 ], 
            "faces": {
                "north": { "texture": "#chess_pieces", "uv": [ 0, 11, 0.8, 12 ] },
                "east": { "texture": "#chess_pieces", "uv": [ 0, 11, 0.8, 12 ] },
                "south": { "texture": "#chess_pieces", "uv": [ 0, 11, 0.8, 12 ] },
                "west": { "texture": "#chess_pieces", "uv": [ 0, 11, 0.8, 12 ] },
                "up": { "texture": "#chess_pieces", "uv": [ 0, 11, 0.8, 11.8 ] },
                "down": { "texture": "#chess_pieces", "uv": [ 0, 11, 0.8, 11.8 ] }
            }
        },
        {
            "name": "Cube",
            "from": [ 14.8, 0, 4 ], 
            "to": [ 15.6, 1, 4.8 ], 
            "faces": {
                "north": { "texture": "#chess_pieces", "uv": [ 0, 15, 0.8, 16 ] },
                "east": { "texture": "#chess_pieces", "uv": [ 0, 15, 0.8, 16 ] },
                "south": { "texture": "#chess_pieces", "uv": [ 0, 15, 0.8, 16 ] },
                "west": { "texture": "#chess_pieces", "uv": [ 0, 15, 0.8, 16 ] },
                "down": { "texture": "#chess_pieces", "uv": [ 0, 15, 0.8, 15.8 ] }
            }
        },
        {
            "name": "Cube",
            "from": [ 14.7, 1, 3.9 ], 
            "to": [ 15.7, 1.4, 4.9 ], 
            "faces": {
                "north": { "texture": "#chess_pieces", "uv": [ 0, 15, 1, 15.4 ] },
                "east": { "texture": "#chess_pieces", "uv": [ 0, 14, 1, 14.4 ] },
                "south": { "texture": "#chess_pieces", "uv": [ 0, 14, 1, 14.4 ] },
                "west": { "texture": "#chess_pieces", "uv": [ 0, 14, 1, 14.4 ] },
                "up": { "texture": "#chess_pieces", "uv": [ 0, 14, 1, 15 ] },
                "down": { "texture": "#chess_pieces", "uv": [ 0, 15, 1, 16 ] }
            }
        },
        {
            "name": "Cube",
            "from": [ 15.1, 0, 5.1 ], 
            "to": [ 15.9, 2, 5.9 ], 
            "faces": {
                "north": { "texture": "#chess_pieces", "uv": [ 8, 14, 8.8, 16 ] },
                "east": { "texture": "#chess_pieces", "uv": [ 8, 14, 8.8, 16 ] },
                "south": { "texture": "#chess_pieces", "uv": [ 8, 14, 8.8, 16 ] },
                "west": { "texture": "#chess_pieces", "uv": [ 8, 14, 8.8, 16 ] },
                "up": { "texture": "#chess_pieces", "uv": [ 8, 13, 8.8, 13.8 ] },
                "down": { "texture": "#chess_pieces", "uv": [ 8, 15, 8.8, 15.8 ] }
            }
        },
        {
            "name": "Cube",
            "from": [ 12.9, 0.5, 12.9 ], 
            "to": [ 13.7, 2.5, 13.7 ], 
            "faces": {
                "north": { "texture": "#chess_pieces", "uv": [ 6, 13.5, 6.8, 15.5 ] },
                "east": { "texture": "#chess_pieces", "uv": [ 6, 13.5, 6.8, 15.5 ] },
                "south": { "texture": "#chess_pieces", "uv": [ 6, 13.5, 6.8, 15.5 ] },
                "west": { "texture": "#chess_pieces", "uv": [ 6, 13.5, 6.8, 15.5 ] },
                "up": { "texture": "#chess_pieces", "uv": [ 6, 13, 6.8, 13.8 ] }
            }
        },
        {
            "name": "Cube",
            "from": [ 14.7, 0, 1.3 ], 
            "to": [ 15.5, 1.5, 2.1 ], 
            "faces": {
                "north": { "texture": "#chess_pieces", "uv": [ 4, 14.5, 4.8, 16 ] },
                "east": { "texture": "#chess_pieces", "uv": [ 4, 14.5, 4.8, 16 ] },
                "south": { "texture": "#chess_pieces", "uv": [ 4, 14.5, 4.8, 16 ] },
                "west": { "texture": "#chess_pieces", "uv": [ 4, 14.5, 4.8, 16 ] },
                "up": { "texture": "#chess_pieces", "uv": [ 4, 14, 4.8, 14.8 ] },
                "down": { "texture": "#chess_pieces", "uv": [ 4, 15, 4.8, 15.8 ] }
            }
        },
        {
            "name": "Cube",
            "from": [ 14.9, 0, 0.3 ], 
            "to": [ 15.7, 1.5, 1.1 ], 
            "faces": {
                "north": { "texture": "#chess_pieces", "uv": [ 2, 14, 2.8, 15.5 ] },
                "east": { "texture": "#chess_pieces", "uv": [ 2, 14, 2.8, 15.5 ] },
                "south": { "texture": "#chess_pieces", "uv": [ 2, 14, 2.8, 15.5 ] },
                "west": { "texture": "#chess_pieces", "uv": [ 2, 14, 2.8, 15.5 ] },
                "up": { "texture": "#chess_pieces", "uv": [ 2, 14, 2.8, 14.8 ] },
                "down": { "texture": "#chess_pieces", "uv": [ 2, 15, 2.8, 15.8 ] }
            }
        },
        {
            "name": "Cube",
            "from": [ 0.2, 0, 11.7 ], 
            "to": [ 1, 1, 12.5 ], 
            "faces": {
                "north": { "texture": "#chess_pieces", "uv": [ 0, 4, 0.8, 5 ] },
                "east": { "texture": "#chess_pieces", "uv": [ 0, 4, 0.8, 5 ] },
                "south": { "texture": "#chess_pieces", "uv": [ 0, 4, 0.8, 5 ] },
                "west": { "texture": "#chess_pieces", "uv": [ 0, 4, 0.8, 5 ] },
                "up": { "texture": "#chess_pieces", "uv": [ 0, 4, 0.8, 4.8 ] },
                "down": { "texture": "#chess_pieces", "uv": [ 0, 4, 0.8, 4.8 ] }
            }
        },
        {
            "name": "Cube",
            "from": [ 0.7, 0, 10.8 ], 
            "to": [ 1.5, 1, 11.6 ], 
            "faces": {
                "north": { "texture": "#chess_pieces", "uv": [ 0, 4, 0.8, 5 ] },
                "east": { "texture": "#chess_pieces", "uv": [ 0, 4, 0.8, 5 ] },
                "south": { "texture": "#chess_pieces", "uv": [ 0, 4, 0.8, 5 ] },
                "west": { "texture": "#chess_pieces", "uv": [ 0, 4, 0.8, 5 ] },
                "up": { "texture": "#chess_pieces", "uv": [ 0, 4, 0.8, 4.8 ] },
                "down": { "texture": "#chess_pieces", "uv": [ 0, 4, 0.8, 4.8 ] }
            }
        },
        {
            "name": "Cube",
            "from": [ 0.5, 0, 9.8 ], 
            "to": [ 1.3, 1, 10.6 ], 
            "faces": {
                "north": { "texture": "#chess_pieces", "uv": [ 0, 4, 0.8, 5 ] },
                "east": { "texture": "#chess_pieces", "uv": [ 0, 4, 0.8, 5 ] },
                "south": { "texture": "#chess_pieces", "uv": [ 0, 4, 0.8, 5 ] },
                "west": { "texture": "#chess_pieces", "uv": [ 0, 4, 0.8, 5 ] },
                "up": { "texture": "#chess_pieces", "uv": [ 0, 4, 0.8, 4.8 ] },
                "down": { "texture": "#chess_pieces", "uv": [ 0, 4, 0.8, 4.8 ] }
            }
        },
        {
            "name": "Cube",
            "from": [ 0.8, 0, 12.8 ], 
            "to": [ 1.6, 1, 13.6 ], 
            "faces": {
                "north": { "texture": "#chess_pieces", "uv": [ 0, 4, 0.8, 5 ] },
                "east": { "texture": "#chess_pieces", "uv": [ 0, 4, 0.8, 5 ] },
                "south": { "texture": "#chess_pieces", "uv": [ 0, 4, 0.8, 5 ] },
                "west": { "texture": "#chess_pieces", "uv": [ 0, 4, 0.8, 5 ] },
                "up": { "texture": "#chess_pieces", "uv": [ 0, 4, 0.8, 4.8 ] },
                "down": { "texture": "#chess_pieces", "uv": [ 0, 4, 0.8, 4.8 ] }
            }
        },
        {
            "name": "Cube",
            "from": [ 0.2, 0, 13.8 ], 
            "to": [ 1, 1, 14.6 ], 
            "faces": {
                "north": { "texture": "#chess_pieces", "uv": [ 0, 4, 0.8, 5 ] },
                "east": { "texture": "#chess_pieces", "uv": [ 0, 4, 0.8, 5 ] },
                "south": { "texture": "#chess_pieces", "uv": [ 0, 4, 0.8, 5 ] },
                "west": { "texture": "#chess_pieces", "uv": [ 0, 4, 0.8, 5 ] },
                "up": { "texture": "#chess_pieces", "uv": [ 0, 4, 0.8, 4.8 ] },
                "down": { "texture": "#chess_pieces", "uv": [ 0, 4, 0.8, 4.8 ] }
            }
        },
        {
            "name": "Cube",
            "from": [ 0.8, 0, 14.9 ], 
            "to": [ 1.6, 1, 15.7 ], 
            "faces": {
                "north": { "texture": "#chess_pieces", "uv": [ 0, 4, 0.8, 5 ] },
                "east": { "texture": "#chess_pieces", "uv": [ 0, 4, 0.8, 5 ] },
                "south": { "texture": "#chess_pieces", "uv": [ 0, 4, 0.8, 5 ] },
                "west": { "texture": "#chess_pieces", "uv": [ 0, 4, 0.8, 5 ] },
                "up": { "texture": "#chess_pieces", "uv": [ 0, 4, 0.8, 4.8 ] },
                "down": { "texture": "#chess_pieces", "uv": [ 0, 4, 0.8, 4.8 ] }
            }
        },
        {
            "name": "Cube",
            "from": [ 1.8, 0, 14.8 ], 
            "to": [ 2.6, 1, 15.6 ], 
            "faces": {
                "north": { "texture": "#chess_pieces", "uv": [ 0, 4, 0.8, 5 ] },
                "east": { "texture": "#chess_pieces", "uv": [ 0, 4, 0.8, 5 ] },
                "south": { "texture": "#chess_pieces", "uv": [ 0, 4, 0.8, 5 ] },
                "west": { "texture": "#chess_pieces", "uv": [ 0, 4, 0.8, 5 ] },
                "up": { "texture": "#chess_pieces", "uv": [ 0, 4, 0.8, 4.8 ] },
                "down": { "texture": "#chess_pieces", "uv": [ 0, 4, 0.8, 4.8 ] }
            }
        },
        {
            "name": "Cube",
            "from": [ 12.8, 0.5, 11.4 ], 
            "to": [ 13.6, 1.5, 12.2 ], 
            "faces": {
                "north": { "texture": "#chess_pieces", "uv": [ 0, 4, 0.8, 5 ] },
                "east": { "texture": "#chess_pieces", "uv": [ 0, 4, 0.8, 5 ] },
                "south": { "texture": "#chess_pieces", "uv": [ 0, 4, 0.8, 5 ] },
                "west": { "texture": "#chess_pieces", "uv": [ 0, 4, 0.8, 5 ] },
                "up": { "texture": "#chess_pieces", "uv": [ 0, 4, 0.8, 4.8 ] }
            }
        },
        {
            "name": "Cube",
            "from": [ 5.9, 0, 14.4 ], 
            "to": [ 6.7, 1, 15.2 ], 
            "faces": {
                "north": { "texture": "#chess_pieces", "uv": [ 0, 2, 0.8, 3 ] },
                "east": { "texture": "#chess_pieces", "uv": [ 0, 2, 0.8, 3 ] },
                "south": { "texture": "#chess_pieces", "uv": [ 0, 2, 0.8, 3 ] },
                "west": { "texture": "#chess_pieces", "uv": [ 0, 2, 0.8, 3 ] },
                "down": { "texture": "#chess_pieces", "uv": [ 0, 2, 0.8, 2.8 ] }
            }
        },
        {
            "name": "Cube",
            "from": [ 5.8, 1, 14.3 ], 
            "to": [ 6.8, 1.4, 15.3 ], 
            "faces": {
                "north": { "texture": "#chess_pieces", "uv": [ 0, 1, 1, 1.4 ] },
                "east": { "texture": "#chess_pieces", "uv": [ 0, 1, 1, 1.4 ] },
                "south": { "texture": "#chess_pieces", "uv": [ 0, 1, 1, 1.4 ] },
                "west": { "texture": "#chess_pieces", "uv": [ 0, 1, 1, 1.4 ] },
                "up": { "texture": "#chess_pieces", "uv": [ 0, 1, 1, 2 ] },
                "down": { "texture": "#chess_pieces", "uv": [ 0, 1, 1, 2 ] }
            }
        },
        {
            "name": "Cube",
            "from": [ 0.1, 0, 8.6 ], 
            "to": [ 0.9, 1.5, 9.4 ], 
            "faces": {
                "north": { "texture": "#chess_pieces", "uv": [ 2, 1, 2.8, 2.5 ] },
                "east": { "texture": "#chess_pieces", "uv": [ 2, 1, 2.8, 2.5 ] },
                "south": { "texture": "#chess_pieces", "uv": [ 2, 1, 2.8, 2.5 ] },
                "west": { "texture": "#chess_pieces", "uv": [ 2, 1, 2.8, 2.5 ] },
                "up": { "texture": "#chess_pieces", "uv": [ 2, 1, 2.8, 1.8 ] },
                "down": { "texture": "#chess_pieces", "uv": [ 2, 2, 2.8, 2.8 ] }
            }
        },
        {
            "name": "Cube",
            "from": [ 5.4, 0.5, 4 ], 
            "to": [ 6.2, 2, 4.8 ], 
            "faces": {
                "north": { "texture": "#chess_pieces", "uv": [ 4, 1.5, 4.8, 3 ] },
                "east": { "texture": "#chess_pieces", "uv": [ 4, 1.5, 4.8, 3 ] },
                "south": { "texture": "#chess_pieces", "uv": [ 4, 1.5, 4.8, 3 ] },
                "west": { "texture": "#chess_pieces", "uv": [ 4, 1.5, 4.8, 3 ] },
                "up": { "texture": "#chess_pieces", "uv": [ 4, 1, 4.8, 1.8 ] }
            }
        },
        {
            "name": "Cube",
            "from": [ 11.3, 0.5, 9.9 ], 
            "to": [ 12.1, 2.5, 10.7 ], 
            "faces": {
                "north": { "texture": "#chess_pieces", "uv": [ 6, 0.5, 6.8, 2.5 ] },
                "east": { "texture": "#chess_pieces", "uv": [ 6, 0.5, 6.8, 2.5 ] },
                "south": { "texture": "#chess_pieces", "uv": [ 6, 0.5, 6.8, 2.5 ] },
                "west": { "texture": "#chess_pieces", "uv": [ 6, 0.5, 6.8, 2.5 ] },
                "up": { "texture": "#chess_pieces", "uv": [ 6, 0, 6.8, 0.8 ] }
            }
        },
        {
            "name": "Cube",
            "from": [ 4.8, 0, 14.3 ], 
            "to": [ 5.6, 2, 15.1 ], 
            "faces": {
                "north": { "texture": "#chess_pieces", "uv": [ 8, 1, 8.8, 3 ] },
                "east": { "texture": "#chess_pieces", "uv": [ 8, 1, 8.8, 3 ] },
                "south": { "texture": "#chess_pieces", "uv": [ 8, 1, 8.8, 3 ] },
                "west": { "texture": "#chess_pieces", "uv": [ 8, 1, 8.8, 3 ] },
                "up": { "texture": "#chess_pieces", "uv": [ 8, 0, 8.8, 0.8 ] },
                "down": { "texture": "#chess_pieces", "uv": [ 8, 2, 8.8, 2.8 ] }
            }
        },
        {
            "name": "Cube",
            "from": [ 4.4, 0, 15.2 ], 
            "to": [ 5.2, 1.5, 16 ], 
            "faces": {
                "north": { "texture": "#chess_pieces", "uv": [ 4, 1.5, 4.8, 3 ] },
                "east": { "texture": "#chess_pieces", "uv": [ 4, 1.5, 4.8, 3 ] },
                "south": { "texture": "#chess_pieces", "uv": [ 4, 1.5, 4.8, 3 ] },
                "west": { "texture": "#chess_pieces", "uv": [ 4, 1.5, 4.8, 3 ] },
                "up": { "texture": "#chess_pieces", "uv": [ 4, 1, 4.8, 1.8 ] },
                "down": { "texture": "#chess_pieces", "uv": [ 4, 2, 4.8, 2.8 ] }
            }
        },
        {
            "name": "Cube",
            "from": [ 1.1, 0, 8.8 ], 
            "to": [ 1.9, 1.5, 9.6 ], 
            "faces": {
                "north": { "texture": "#chess_pieces", "uv": [ 2, 1, 2.8, 2.5 ] },
                "east": { "texture": "#chess_pieces", "uv": [ 2, 1, 2.8, 2.5 ] },
                "south": { "texture": "#chess_pieces", "uv": [ 2, 1, 2.8, 2.5 ] },
                "west": { "texture": "#chess_pieces", "uv": [ 2, 1, 2.8, 2.5 ] },
                "up": { "texture": "#chess_pieces", "uv": [ 2, 1, 2.8, 1.8 ] },
                "down": { "texture": "#chess_pieces", "uv": [ 2, 2, 2.8, 2.8 ] }
            }
        },
        {
            "name": "Cube",
            "from": [ 3.3, 1, 14.3 ], 
            "to": [ 4.3, 1.4, 15.3 ], 
            "faces": {
                "north": { "texture": "#chess_pieces", "uv": [ 0, 1, 1, 1.4 ] },
                "east": { "texture": "#chess_pieces", "uv": [ 0, 1, 1, 1.4 ] },
                "south": { "texture": "#chess_pieces", "uv": [ 0, 1, 1, 1.4 ] },
                "west": { "texture": "#chess_pieces", "uv": [ 0, 1, 1, 1.4 ] },
                "up": { "texture": "#chess_pieces", "uv": [ 0, 1, 1, 2 ] },
                "down": { "texture": "#chess_pieces", "uv": [ 0, 1, 1, 2 ] }
            }
        },
        {
            "name": "Cube",
            "from": [ 3.4, 0, 14.4 ], 
            "to": [ 4.2, 1, 15.2 ], 
            "faces": {
                "north": { "texture": "#chess_pieces", "uv": [ 0, 2, 0.8, 3 ] },
                "east": { "texture": "#chess_pieces", "uv": [ 0, 2, 0.8, 3 ] },
                "south": { "texture": "#chess_pieces", "uv": [ 0, 2, 0.8, 3 ] },
                "west": { "texture": "#chess_pieces", "uv": [ 0, 2, 0.8, 3 ] },
                "down": { "texture": "#chess_pieces", "uv": [ 0, 2, 0.8, 2.8 ] }
            }
        },
        {
            "name": "Cube",
            "from": [ 6.8, 0.5, 9.9 ], 
            "to": [ 7.6, 2, 10.7 ], 
            "faces": {
                "north": { "texture": "#chess_pieces", "uv": [ 4, 14.5, 4.8, 16 ] },
                "east": { "texture": "#chess_pieces", "uv": [ 4, 14.5, 4.8, 16 ] },
                "south": { "texture": "#chess_pieces", "uv": [ 4, 14.5, 4.8, 16 ] },
                "west": { "texture": "#chess_pieces", "uv": [ 4, 14.5, 4.8, 16 ] },
                "up": { "texture": "#chess_pieces", "uv": [ 4, 14, 4.8, 14.8 ] }
            }
        },
        {
            "name": "Cube",
            "from": [ 15.2, -0, 2.9 ], 
            "to": [ 16, 1.5, 3.7 ], 
            "faces": {
                "north": { "texture": "#chess_pieces", "uv": [ 2, 14, 2.8, 15.5 ] },
                "east": { "texture": "#chess_pieces", "uv": [ 2, 14, 2.8, 15.5 ] },
                "south": { "texture": "#chess_pieces", "uv": [ 2, 14, 2.8, 15.5 ] },
                "west": { "texture": "#chess_pieces", "uv": [ 2, 14, 2.8, 15.5 ] },
                "up": { "texture": "#chess_pieces", "uv": [ 2, 14, 2.8, 14.8 ] },
                "down": { "texture": "#chess_pieces", "uv": [ 2, 15, 2.8, 15.8 ] }
            }
        },
        {
            "name": "Cube",
            "from": [ 9.4, 0, 0 ], 
            "to": [ 10.2, 1, 0.8 ], 
            "faces": {
                "north": { "texture": "#chess_pieces", "uv": [ 0, 15, 0.8, 16 ] },
                "east": { "texture": "#chess_pieces", "uv": [ 0, 15, 0.8, 16 ] },
                "south": { "texture": "#chess_pieces", "uv": [ 0, 15, 0.8, 16 ] },
                "west": { "texture": "#chess_pieces", "uv": [ 0, 15, 0.8, 16 ] },
                "down": { "texture": "#chess_pieces", "uv": [ 0, 15, 0.8, 15.8 ] }
            }
        },
        {
            "name": "Cube",
            "from": [ 9.3, 1, -0.1 ], 
            "to": [ 10.3, 1.4, 0.9 ], 
            "faces": {
                "north": { "texture": "#chess_pieces", "uv": [ 0, 15, 1, 15.4 ] },
                "east": { "texture": "#chess_pieces", "uv": [ 0, 14, 1, 14.4 ] },
                "south": { "texture": "#chess_pieces", "uv": [ 0, 14, 1, 14.4 ] },
                "west": { "texture": "#chess_pieces", "uv": [ 0, 14, 1, 14.4 ] },
                "up": { "texture": "#chess_pieces", "uv": [ 0, 14, 1, 15 ] },
                "down": { "texture": "#chess_pieces", "uv": [ 0, 15, 1, 16 ] }
            }
        }
    ]
}