{
	"display": 
	{
		"thirdperson_righthand": 
		{
			"rotation": [ 90, 0, 0 ],
			"translation": [ -6, -2, 12 ],
			"scale": [ 1, 1, 1 ]
		}
	},
    "elements": [
        {
            "name": "Cube",
            "from": [ 6.0, 0.0, 6.0 ], 
            "to": [ 10.0, 7.0, 10.0 ], 
            "faces": {
                "north": { "texture": "#cup", "uv": [ 0.0, 0.0, 4.0, 7.0 ] },
                "east": { "texture": "#cup", "uv": [ 4.0, 0.0, 8.0, 7.0 ] },
                "south": { "texture": "#cup", "uv": [ 8.0, 0.0, 12.0, 7.0 ] },
                "west": { "texture": "#cup", "uv": [ 12.0, 0.0, 16.0, 7.0 ] },
                "down": { "texture": "#cup", "uv": [ 0.0, 7.0, 4.0, 11.0 ] }
            }
        },
        {
            "name": "Cube",
            "from": [ 5.75, 6.375, 5.75 ], 
            "to": [ 10.25, 7.5, 10.25 ], 
            "faces": {
                "north": { "texture": "#cup", "uv": [ 8.0, 7.0, 9.0, 11.0 ], "rotation": 90 },
                "east": { "texture": "#cup", "uv": [ 8.0, 7.0, 9.0, 11.0 ], "rotation": 90 },
                "south": { "texture": "#cup", "uv": [ 8.0, 7.0, 9.0, 11.0 ], "rotation": 90 },
                "west": { "texture": "#cup", "uv": [ 8.0, 7.0, 9.0, 11.0 ], "rotation": 90 },
                "up": { "texture": "#cup", "uv": [ 4.0, 7.0, 8.0, 11.0 ] }
            }
        },
        {
            "name": "Cube",
            "from": [ 7.5, 7.5, 7.75 ], 
            "to": [ 8.5, 10.5, 8.25 ], 
            "faces": {
                "north": { "texture": "#cup", "uv": [ 9.0, 7.0, 10.0, 10.0 ] },
                "east": { "texture": "#cup", "uv": [ 9.0, 7.0, 9.5, 10.0 ] },
                "south": { "texture": "#cup", "uv": [ 9.0, 7.0, 10.0, 10.0 ] },
                "west": { "texture": "#cup", "uv": [ 9.0, 7.0, 9.5, 10.0 ] },
                "up": { "texture": "#cup", "uv": [ 9.0, 7.0, 10.0, 7.5 ] }
            }
        }
    ]
}