{
    "textures": {
        "0": "blocks/elevator_door"
    },
	"display": 
	{
		"thirdperson_righthand": 
		{
			"rotation": [ 90, 180, 0 ],
			"translation": [ -6, 4.4, 4 ],
			"scale": [ 1, 1, 1 ]
		}
	},
    "elements": [
        {
            "name": "Cube",
            "from": [ -16.0, -16.0, -9.5 ], 
            "to": [ 32.0, -13.0, -6.5 ], 
            "faces": {
                "north": { "texture": "#0", "uv": [ 0.0, 15.0, 16.0, 16.0 ] },
                "east": { "texture": "#0", "uv": [ 0.0, 0.0, 1.0, 1.0 ] },
                "south": { "texture": "#0", "uv": [ 0.0, 15.0, 16.0, 16.0 ] },
                "west": { "texture": "#0", "uv": [ 0.0, 0.0, 1.0, 1.0 ] },
                "up": { "texture": "#0", "uv": [ 0.0, 15.0, 16.0, 16.0 ] },
                "down": { "texture": "#0", "uv": [ 0.0, 15.0, 16.0, 16.0 ] }
            }
        },
        {
            "name": "Cube",
            "from": [ -16.0, 29.0, -9.5 ], 
            "to": [ 32.0, 32.0, -6.5 ], 
            "faces": {
                "north": { "texture": "#0", "uv": [ 0.0, 0.0, 16.0, 1.0 ] },
                "east": { "texture": "#0", "uv": [ 0.0, 0.0, 1.0, 1.0 ] },
                "south": { "texture": "#0", "uv": [ 0.0, 0.0, 16.0, 1.0 ] },
                "west": { "texture": "#0", "uv": [ 0.0, 0.0, 1.0, 1.0 ] },
                "up": { "texture": "#0", "uv": [ 0.0, 0.0, 16.0, 1.0 ] },
                "down": { "texture": "#0", "uv": [ 0.0, 0.0, 16.0, 1.0 ] }
            }
        },
        {
            "name": "Cube",
            "from": [ -16.0, -13.0, -8.0 ], 
            "to": [ 32.0, 29.0, -8.0 ], 
            "faces": {
                "north": { "texture": "#0", "uv": [ 0.0, 1.0, 16.0, 15.0 ] },
                "east": { "texture": "#0", "uv": [ 0.0, 0.0, 0.0, 42.0 ] },
                "south": { "texture": "#0", "uv": [ 0.0, 1.0, 16.0, 15.0 ] },
                "west": { "texture": "#0", "uv": [ 0.0, 0.0, 0.0, 42.0 ] },
                "up": { "texture": "#0", "uv": [ 0.0, 0.0, 48.0, 0.0 ] },
                "down": { "texture": "#0", "uv": [ 0.0, 0.0, 48.0, 0.0 ] }
            }
        }
    ]
}