{
    "textures": {
        "0": "blocks/fuse_holder"
    },
	"display": 
	{
		"thirdperson_righthand": 
		{
			"rotation": [ 90, 0, 0 ],
			"translation": [ -6, -2, 12 ],
			"scale": [ 1, 1, 1 ]
		}
	},
    "elements": [
        {
            "name": "Cube",
            "from": [ 13.0, 11.0, 12.0 ], 
            "to": [ 16.0, 12.0, 19.0 ], 
            "faces": {
                "north": { "texture": "#0", "uv": [ 1.0, 13.0, 2.0, 16.0 ], "rotation": 90 },
                "east": { "texture": "#0", "uv": [ 0.0, 12.0, 7.0, 13.0 ] },
                "south": { "texture": "#0", "uv": [ 0.0, 13.0, 3.0, 14.0 ] },
                "west": { "texture": "#0", "uv": [ 0.0, 12.0, 7.0, 13.0 ] },
                "down": { "texture": "#0", "uv": [ 9.0, 13.0, 16.0, 16.0 ], "rotation": 270 }
            }
        },
        {
            "name": "Cube",
            "from": [ 13.0, 4.0, 3.0 ], 
            "to": [ 16.0, 5.0, 4.0 ], 
            "faces": {
                "north": { "texture": "#0", "uv": [ 0.0, 12.0, 3.0, 13.0 ] },
                "east": { "texture": "#0", "uv": [ 0.0, 12.0, 1.0, 13.0 ] },
                "south": { "texture": "#0", "uv": [ 0.0, 13.0, 3.0, 14.0 ] },
                "west": { "texture": "#0", "uv": [ 2.0, 12.0, 3.0, 13.0 ] },
                "up": { "texture": "#0", "uv": [ 2.0, 12.0, 5.0, 13.0 ] },
                "down": { "texture": "#0", "uv": [ 2.0, 12.0, 5.0, 13.0 ] }
            }
        },
        {
            "name": "Cube",
            "from": [ 0.0, 12.0, 3.0 ], 
            "to": [ 3.0, 13.0, 19.0 ], 
            "faces": {
                "north": { "texture": "#0", "uv": [ 0.0, 13.0, 3.0, 14.0 ] },
                "east": { "texture": "#0", "uv": [ 0.0, 13.0, 16.0, 14.0 ], "rotation": 180 },
                "south": { "texture": "#0", "uv": [ 0.0, 13.0, 3.0, 14.0 ] },
                "west": { "texture": "#0", "uv": [ 0.0, 15.0, 16.0, 16.0 ] },
                "up": { "texture": "#0", "uv": [ 0.0, 13.0, 16.0, 16.0 ], "rotation": 90 },
                "down": { "texture": "#0", "uv": [ 0.0, 16.0, 16.0, 13.0 ], "rotation": 270 }
            }
        },
        {
            "name": "Cube",
            "from": [ 0.0, 3.0, 3.0 ], 
            "to": [ 3.0, 4.0, 19.0 ], 
            "faces": {
                "north": { "texture": "#0", "uv": [ 0.0, 13.0, 3.0, 14.0 ] },
                "east": { "texture": "#0", "uv": [ 0.0, 13.0, 16.0, 14.0 ], "rotation": 180 },
                "south": { "texture": "#0", "uv": [ 0.0, 13.0, 3.0, 14.0 ] },
                "west": { "texture": "#0", "uv": [ 0.0, 15.0, 16.0, 16.0 ] },
                "up": { "texture": "#0", "uv": [ 0.0, 13.0, 16.0, 16.0 ], "rotation": 90 },
                "down": { "texture": "#0", "uv": [ 0.0, 16.0, 16.0, 13.0 ], "rotation": 270 }
            }
        },
        {
            "name": "Cube",
            "from": [ 13.0, 3.0, 3.0 ], 
            "to": [ 16.0, 4.0, 19.0 ], 
            "faces": {
                "north": { "texture": "#0", "uv": [ 0.0, 13.0, 3.0, 14.0 ] },
                "east": { "texture": "#0", "uv": [ 0.0, 13.0, 16.0, 14.0 ], "rotation": 180 },
                "south": { "texture": "#0", "uv": [ 0.0, 13.0, 3.0, 14.0 ] },
                "west": { "texture": "#0", "uv": [ 0.0, 15.0, 16.0, 16.0 ] },
                "up": { "texture": "#0", "uv": [ 0.0, 13.0, 16.0, 16.0 ], "rotation": 90 },
                "down": { "texture": "#0", "uv": [ 0.0, 16.0, 16.0, 13.0 ], "rotation": 270 }
            }
        },
        {
            "name": "Cube",
            "from": [ 13.0, 12.0, 3.0 ], 
            "to": [ 16.0, 13.0, 19.0 ], 
            "faces": {
                "north": { "texture": "#0", "uv": [ 0.0, 13.0, 3.0, 14.0 ] },
                "east": { "texture": "#0", "uv": [ 0.0, 13.0, 16.0, 14.0 ], "rotation": 180 },
                "south": { "texture": "#0", "uv": [ 0.0, 13.0, 3.0, 14.0 ] },
                "west": { "texture": "#0", "uv": [ 0.0, 15.0, 16.0, 16.0 ] },
                "up": { "texture": "#0", "uv": [ 0.0, 13.0, 16.0, 16.0 ], "rotation": 90 },
                "down": { "texture": "#0", "uv": [ 0.0, 16.0, 16.0, 13.0 ], "rotation": 270 }
            }
        },
        {
            "name": "Cube",
            "from": [ 13.0, 4.0, 12.0 ], 
            "to": [ 16.0, 5.0, 19.0 ], 
            "faces": {
                "north": { "texture": "#0", "uv": [ 1.0, 13.0, 2.0, 16.0 ], "rotation": 90 },
                "east": { "texture": "#0", "uv": [ 0.0, 12.0, 7.0, 13.0 ] },
                "south": { "texture": "#0", "uv": [ 0.0, 13.0, 3.0, 14.0 ] },
                "west": { "texture": "#0", "uv": [ 0.0, 12.0, 7.0, 13.0 ] },
                "up": { "texture": "#0", "uv": [ 9.0, 13.0, 16.0, 16.0 ], "rotation": 90 }
            }
        },
        {
            "name": "Cube",
            "from": [ 0.0, 4.0, 12.0 ], 
            "to": [ 3.0, 5.0, 19.0 ], 
            "faces": {
                "north": { "texture": "#0", "uv": [ 1.0, 13.0, 2.0, 16.0 ], "rotation": 90 },
                "east": { "texture": "#0", "uv": [ 0.0, 12.0, 7.0, 13.0 ] },
                "south": { "texture": "#0", "uv": [ 0.0, 13.0, 3.0, 14.0 ] },
                "west": { "texture": "#0", "uv": [ 0.0, 12.0, 7.0, 13.0 ] },
                "up": { "texture": "#0", "uv": [ 9.0, 13.0, 16.0, 16.0 ], "rotation": 90 }
            }
        },
        {
            "name": "Cube",
            "from": [ 0.0, 11.0, 12.0 ], 
            "to": [ 3.0, 12.0, 19.0 ], 
            "faces": {
                "north": { "texture": "#0", "uv": [ 1.0, 13.0, 2.0, 16.0 ], "rotation": 90 },
                "east": { "texture": "#0", "uv": [ 0.0, 12.0, 7.0, 13.0 ] },
                "south": { "texture": "#0", "uv": [ 0.0, 13.0, 3.0, 14.0 ] },
                "west": { "texture": "#0", "uv": [ 0.0, 12.0, 7.0, 13.0 ] },
                "down": { "texture": "#0", "uv": [ 9.0, 13.0, 16.0, 16.0 ], "rotation": 270 }
            }
        },
        {
            "name": "Cube",
            "from": [ 0.0, 4.0, 3.0 ], 
            "to": [ 3.0, 5.0, 4.0 ], 
            "faces": {
                "north": { "texture": "#0", "uv": [ 0.0, 12.0, 3.0, 13.0 ] },
                "east": { "texture": "#0", "uv": [ 0.0, 12.0, 1.0, 13.0 ] },
                "south": { "texture": "#0", "uv": [ 0.0, 13.0, 3.0, 14.0 ] },
                "west": { "texture": "#0", "uv": [ 2.0, 12.0, 3.0, 13.0 ] },
                "up": { "texture": "#0", "uv": [ 2.0, 12.0, 5.0, 13.0 ] },
                "down": { "texture": "#0", "uv": [ 0.0, 12.0, 3.0, 13.0 ] }
            }
        },
        {
            "name": "Cube",
            "from": [ 0.0, 11.0, 3.0 ], 
            "to": [ 3.0, 12.0, 4.0 ], 
            "faces": {
                "north": { "texture": "#0", "uv": [ 0.0, 12.0, 3.0, 13.0 ] },
                "east": { "texture": "#0", "uv": [ 0.0, 12.0, 1.0, 13.0 ] },
                "south": { "texture": "#0", "uv": [ 0.0, 13.0, 3.0, 14.0 ] },
                "west": { "texture": "#0", "uv": [ 2.0, 12.0, 3.0, 13.0 ] },
                "up": { "texture": "#0", "uv": [ 2.0, 12.0, 5.0, 13.0 ] },
                "down": { "texture": "#0", "uv": [ 2.0, 12.0, 5.0, 13.0 ] }
            }
        },
        {
            "name": "Cube",
            "from": [ 13.0, 11.0, 3.0 ], 
            "to": [ 16.0, 12.0, 4.0 ], 
            "faces": {
                "north": { "texture": "#0", "uv": [ 0.0, 12.0, 3.0, 13.0 ] },
                "east": { "texture": "#0", "uv": [ 0.0, 12.0, 1.0, 13.0 ] },
                "south": { "texture": "#0", "uv": [ 0.0, 13.0, 3.0, 14.0 ] },
                "west": { "texture": "#0", "uv": [ 2.0, 12.0, 3.0, 13.0 ] },
                "up": { "texture": "#0", "uv": [ 2.0, 12.0, 5.0, 13.0 ] },
                "down": { "texture": "#0", "uv": [ 2.0, 12.0, 5.0, 13.0 ] }
            }
        }
    ]
}