{
    "textures": {
        "0": "blocks/good_fuse"
    },
	"display": 
	{
		"head": {
		    "rotation": [ 0, 0, 0 ],
            "translation": [ 0, -8, 0],
            "scale":[ 1.2, 1.2, 1.2 ]
		},
        "ground": {
            "rotation": [ 0, 0, 0 ],
            "translation": [ 0, 2, 0],
            "scale":[ 0, 0, 0 ]
        },
		"thirdperson_righthand": 
		{
			"rotation": [ 0, 0, 90 ],
			"translation": [ 2, -2, -4 ],
			"scale": [ 1, 1, 1 ]
		}
	},
    "elements": [
        {
            "name": "Cube",
            "from": [ 0.0, 4.0, 4.0 ], 
            "to": [ 4.0, 12.0, 12.0 ], 
            "faces": {
                "north": { "texture": "#0", "uv": [ 12.0, 0.0, 16.0, 8.0 ] },
                "east": { "texture": "#0", "uv": [ 8.0, 8.0, 16.0, 16.0 ] },
                "south": { "texture": "#0", "uv": [ 12.0, 0.0, 16.0, 8.0 ], "rotation": 180 },
                "west": { "texture": "#0", "uv": [ 8.0, 8.0, 16.0, 16.0 ] },
                "up": { "texture": "#0", "uv": [ 12.0, 0.0, 16.0, 8.0 ], "rotation": 180 },
                "down": { "texture": "#0", "uv": [ 12.0, 0.0, 16.0, 8.0 ], "rotation": 180 }
            }
        },
        {
            "name": "Cube",
            "from": [ 12.0, 4.0, 4.0 ], 
            "to": [ 16.0, 12.0, 12.0 ], 
            "faces": {
                "north": { "texture": "#0", "uv": [ 0.0, 0.0, 4.0, 8.0 ] },
                "east": { "texture": "#0", "uv": [ 8.0, 8.0, 16.0, 16.0 ] },
                "south": { "texture": "#0", "uv": [ 0.0, 0.0, 4.0, 8.0 ], "rotation": 180 },
                "west": { "texture": "#0", "uv": [ 8.0, 8.0, 16.0, 16.0 ] },
                "up": { "texture": "#0", "uv": [ 0.0, 0.0, 4.0, 8.0 ], "rotation": 180 },
                "down": { "texture": "#0", "uv": [ 0.0, 0.0, 4.0, 8.0 ], "rotation": 180 }
            }
        },
        {
            "name": "Cube",
            "from": [ 4.0, 7.0, 7.0 ], 
            "to": [ 12.0, 9.0, 9.0 ], 
            "faces": {
                "north": { "texture": "#0", "uv": [ 0.0, 8.0, 8.0, 10.0 ] },
                "south": { "texture": "#0", "uv": [ 0.0, 8.0, 8.0, 10.0 ] },
                "up": { "texture": "#0", "uv": [ 0.0, 8.0, 8.0, 10.0 ] },
                "down": { "texture": "#0", "uv": [ 0.0, 8.0, 8.0, 10.0 ] }
            }
        },
        {
            "name": "Cube",
            "from": [ 4.0, 4.0, 12.0 ], 
            "to": [ 12.0, 12.0, 12.0 ], 
            "faces": {
                "north": { "texture": "#0", "uv": [ 4.0, 0.0, 12.0, 8.0 ] },
                "south": { "texture": "#0", "uv": [ 4.0, 0.0, 12.0, 8.0 ] }
            }
        },
        {
            "name": "Cube",
            "from": [ 4.0, 4.0, 4.0 ], 
            "to": [ 12.0, 12.0, 4.0 ], 
            "faces": {
                "north": { "texture": "#0", "uv": [ 4.0, 0.0, 12.0, 8.0 ] },
                "south": { "texture": "#0", "uv": [ 4.0, 0.0, 12.0, 8.0 ] }
            }
        },
        {
            "name": "Cube",
            "from": [ 4.0, 12.0, 4.0 ], 
            "to": [ 12.0, 12.0, 12.0 ], 
            "faces": {
                "up": { "texture": "#0", "uv": [ 4.0, 0.0, 12.0, 8.0 ] },
                "down": { "texture": "#0", "uv": [ 4.0, 0.0, 12.0, 8.0 ] }
            }
        },
        {
            "name": "Cube",
            "from": [ 4.0, 4.0, 4.0 ], 
            "to": [ 12.0, 4.0, 12.0 ], 
            "faces": {
                "up": { "texture": "#0", "uv": [ 4.0, 0.0, 12.0, 8.0 ] },
                "down": { "texture": "#0", "uv": [ 4.0, 0.0, 12.0, 8.0 ] }
            }
        }
    ]
}