{
    "textures": {
        "0": "blocks/hibernation_pod1",
        "1": "blocks/hibernation_pod2",
        "2": "blocks/hibernation_pod5",
        "3": "blocks/hibernation_pod3",
        "4": "block/orange_stained_glass"
    },
	"display": 
	{
		"thirdperson_righthand": 
		{
			"rotation": [ 90, 180, 0 ],
			"translation": [ -3, -2, -12 ],
			"scale": [ 1, 1, 1 ]
		}
	},
    "elements": [
        {
            "name": "Cube",
            "from": [ 15.0, -8.0, 0.0 ], 
            "to": [ 16.0, -4.0, 16.0 ], 
            "faces": {
                "north": { "texture": "#0", "uv": [ 15.0, 12.0, 16.0, 16.0 ] },
                "east": { "texture": "#0", "uv": [ 0.0, 12.0, 16.0, 16.0 ] },
                "south": { "texture": "#0", "uv": [ 0.0, 12.0, 1.0, 16.0 ] },
                "west": { "texture": "#0", "uv": [ 16.0, 12.0, 0.0, 16.0 ] },
                "up": { "texture": "#0", "uv": [ 0.0, 12.0, 16.0, 13.0 ], "rotation": 270 },
                "down": { "texture": "#0", "uv": [ 0.0, 15.0, 16.0, 16.0 ], "rotation": 90 }
            }
        },
        {
            "name": "Cube",
            "from": [ 15.0, 28.0, 1.0 ], 
            "to": [ 16.0, 32.0, 15.0 ], 
            "faces": {
                "east": { "texture": "#0", "uv": [ 1.0, 12.0, 15.0, 16.0 ] },
                "west": { "texture": "#0", "uv": [ 15.0, 12.0, 1.0, 16.0 ] },
                "up": { "texture": "#0", "uv": [ 1.0, 12.0, 15.0, 13.0 ], "rotation": 270 },
                "down": { "texture": "#0", "uv": [ 1.0, 15.0, 15.0, 16.0 ], "rotation": 90 }
            }
        },
        {
            "name": "Cube",
            "from": [ 4.0, -8.0, 15.0 ], 
            "to": [ 15.0, -4.0, 16.0 ], 
            "faces": {
                "north": { "texture": "#1", "uv": [ 1.0, 12.0, 12.0, 16.0 ] },
                "south": { "texture": "#1", "uv": [ 12.0, 12.0, 1.0, 16.0 ] },
                "west": { "texture": "#1", "uv": [ 11.0, 12.0, 12.0, 16.0 ] },
                "up": { "texture": "#1", "uv": [ 1.0, 12.0, 12.0, 13.0 ], "rotation": 180 },
                "down": { "texture": "#1", "uv": [ 1.0, 15.0, 12.0, 16.0 ], "rotation": 180 }
            }
        },
        {
            "name": "Cube",
            "from": [ 4.0, -8.0, 0.0 ], 
            "to": [ 15.0, -4.0, 1.0 ], 
            "faces": {
                "north": { "texture": "#1", "uv": [ 1.0, 12.0, 12.0, 16.0 ] },
                "south": { "texture": "#1", "uv": [ 12.0, 12.0, 1.0, 16.0 ] },
                "west": { "texture": "#1", "uv": [ 11.0, 12.0, 12.0, 16.0 ] },
                "up": { "texture": "#1", "uv": [ 1.0, 12.0, 12.0, 13.0 ], "rotation": 180 },
                "down": { "texture": "#1", "uv": [ 1.0, 15.0, 12.0, 16.0 ], "rotation": 180 }
            }
        },
        {
            "name": "Cube",
            "from": [ 4.0, -4.0, 15.0 ], 
            "to": [ 8.0, 8.0, 16.0 ], 
            "faces": {
                "north": { "texture": "#1", "uv": [ 8.0, 0.0, 12.0, 12.0 ] },
                "east": { "texture": "#1", "uv": [ 8.0, 0.0, 9.0, 12.0 ] },
                "south": { "texture": "#1", "uv": [ 12.0, 0.0, 8.0, 12.0 ] },
                "west": { "texture": "#1", "uv": [ 11.0, 0.0, 12.0, 12.0 ] }
            }
        },
        {
            "name": "Cube",
            "from": [ 4.0, -4.0, 0.0 ], 
            "to": [ 8.0, 8.0, 1.0 ], 
            "faces": {
                "north": { "texture": "#1", "uv": [ 8.0, 0.0, 12.0, 12.0 ] },
                "east": { "texture": "#1", "uv": [ 8.0, 0.0, 9.0, 12.0 ] },
                "south": { "texture": "#1", "uv": [ 12.0, 0.0, 8.0, 12.0 ] },
                "west": { "texture": "#1", "uv": [ 11.0, 0.0, 12.0, 12.0 ] }
            }
        },
        {
            "name": "Cube",
            "from": [ 4.0, 8.0, 15.0 ], 
            "to": [ 15.0, 12.0, 16.0 ], 
            "faces": {
                "north": { "texture": "#2", "uv": [ 1.0, 12.0, 12.0, 16.0 ] },
                "south": { "texture": "#2", "uv": [ 12.0, 12.0, 1.0, 16.0 ] },
                "west": { "texture": "#2", "uv": [ 11.0, 12.0, 12.0, 16.0 ] },
                "up": { "texture": "#2", "uv": [ 12.0, 12.0, 1.0, 13.0 ] },
                "down": { "texture": "#2", "uv": [ 12.0, 15.0, 1.0, 16.0 ] }
            }
        },
        {
            "name": "Cube",
            "from": [ 4.0, 8.0, 0.0 ], 
            "to": [ 15.0, 12.0, 1.0 ], 
            "faces": {
                "north": { "texture": "#2", "uv": [ 1.0, 12.0, 12.0, 16.0 ] },
                "south": { "texture": "#2", "uv": [ 12.0, 12.0, 1.0, 16.0 ] },
                "west": { "texture": "#2", "uv": [ 11.0, 12.0, 12.0, 16.0 ] },
                "up": { "texture": "#2", "uv": [ 12.0, 12.0, 1.0, 13.0 ] },
                "down": { "texture": "#2", "uv": [ 12.0, 15.0, 1.0, 16.0 ] }
            }
        },
        {
            "name": "Cube",
            "from": [ 4.0, 12.0, 15.0 ], 
            "to": [ 8.0, 28.0, 16.0 ], 
            "faces": {
                "north": { "texture": "#3", "uv": [ 8.0, 0.0, 12.0, 16.0 ] },
                "east": { "texture": "#3", "uv": [ 8.0, 0.0, 9.0, 16.0 ] },
                "south": { "texture": "#3", "uv": [ 12.0, 0.0, 8.0, 16.0 ] },
                "west": { "texture": "#3", "uv": [ 11.0, 0.0, 12.0, 16.0 ] }
            }
        },
        {
            "name": "Cube",
            "from": [ 4.0, 12.0, 0.0 ], 
            "to": [ 8.0, 28.0, 1.0 ], 
            "faces": {
                "north": { "texture": "#3", "uv": [ 8.0, 0.0, 12.0, 16.0 ] },
                "east": { "texture": "#3", "uv": [ 8.0, 0.0, 9.0, 16.0 ] },
                "south": { "texture": "#3", "uv": [ 12.0, 0.0, 8.0, 16.0 ] },
                "west": { "texture": "#3", "uv": [ 11.0, 0.0, 12.0, 16.0 ] }
            }
        },
        {
            "name": "Cube",
            "from": [ 4.0, 28.0, 15.0 ], 
            "to": [ 16.0, 32.0, 16.0 ], 
            "faces": {
                "north": { "texture": "#2", "uv": [ 0.0, 8.0, 12.0, 12.0 ] },
                "east": { "texture": "#2", "uv": [ 0.0, 8.0, 1.0, 12.0 ] },
                "south": { "texture": "#2", "uv": [ 12.0, 8.0, 0.0, 12.0 ] },
                "west": { "texture": "#2", "uv": [ 11.0, 8.0, 12.0, 12.0 ] },
                "up": { "texture": "#2", "uv": [ 12.0, 8.0, 0.0, 9.0 ] },
                "down": { "texture": "#2", "uv": [ 12.0, 11.0, 0.0, 12.0 ] }
            }
        },
        {
            "name": "Cube",
            "from": [ 4.0, 28.0, 0.0 ], 
            "to": [ 16.0, 32.0, 1.0 ], 
            "faces": {
                "north": { "texture": "#2", "uv": [ 0.0, 8.0, 12.0, 12.0 ] },
                "east": { "texture": "#2", "uv": [ 0.0, 8.0, 1.0, 12.0 ] },
                "south": { "texture": "#2", "uv": [ 12.0, 8.0, 0.0, 12.0 ] },
                "west": { "texture": "#2", "uv": [ 11.0, 8.0, 12.0, 12.0 ] },
                "up": { "texture": "#2", "uv": [ 12.0, 8.0, 0.0, 9.0 ] },
                "down": { "texture": "#2", "uv": [ 12.0, 11.0, 0.0, 12.0 ] }
            }
        },
        {
            "name": "Cube",
            "from": [ 15.5, -4.0, 0.5 ], 
            "to": [ 15.5, 8.0, 15.5 ], 
            "faces": {
                "east": { "texture": "#0", "uv": [ 0.0, 0.0, 16.0, 12.0 ] },
                "west": { "texture": "#0", "uv": [ 0.0, 0.0, 16.0, 12.0 ] }
            }
        },
        {
            "name": "Cube",
            "from": [ 8.0, -4.0, 0.5 ], 
            "to": [ 15.5, 8.0, 0.5 ], 
            "faces": {
                "north": { "texture": "#1", "uv": [ 0.0, 0.0, 8.0, 12.0 ] },
                "south": { "texture": "#1", "uv": [ 0.0, 0.0, 8.0, 12.0 ] }
            }
        },
        {
            "name": "Cube",
            "from": [ 8.0, -4.0, 15.5 ], 
            "to": [ 15.5, 8.0, 15.5 ], 
            "faces": {
                "north": { "texture": "#1", "uv": [ 0.0, 0.0, 8.0, 12.0 ] },
                "south": { "texture": "#1", "uv": [ 0.0, 0.0, 8.0, 12.0 ] }
            }
        },
        {
            "name": "Cube",
            "from": [ 15.0, 8.0, 0.0 ], 
            "to": [ 16.0, 12.0, 16.0 ], 
            "faces": {
                "north": { "texture": "#0", "uv": [ 15.0, 12.0, 16.0, 16.0 ] },
                "east": { "texture": "#0", "uv": [ 0.0, 12.0, 16.0, 16.0 ] },
                "south": { "texture": "#0", "uv": [ 0.0, 12.0, 1.0, 16.0 ] },
                "west": { "texture": "#0", "uv": [ 16.0, 12.0, 0.0, 16.0 ] },
                "up": { "texture": "#0", "uv": [ 0.0, 12.0, 16.0, 13.0 ], "rotation": 270 },
                "down": { "texture": "#0", "uv": [ 0.0, 15.0, 16.0, 16.0 ], "rotation": 90 }
            }
        },
        {
            "name": "Cube",
            "from": [ 8.0, 12.0, 0.5 ], 
            "to": [ 15.5, 28.0, 0.5 ], 
            "faces": {
                "north": { "texture": "#3", "uv": [ 0.0, 0.0, 8.0, 16.0 ] },
                "south": { "texture": "#3", "uv": [ 0.0, 0.0, 8.0, 16.0 ] }
            }
        },
        {
            "name": "Cube",
            "from": [ 8.0, 12.0, 15.5 ], 
            "to": [ 15.5, 28.0, 15.5 ], 
            "faces": {
                "north": { "texture": "#3", "uv": [ 0.0, 0.0, 8.0, 16.0 ] },
                "south": { "texture": "#3", "uv": [ 0.0, 0.0, 8.0, 16.0 ] }
            }
        },
        {
            "name": "Cube",
            "from": [ 15.5, 12.0, 0.5 ], 
            "to": [ 15.5, 28.0, 15.5 ], 
            "faces": {
                "east": { "texture": "#4", "uv": [ 0.0, 0.0, 16.0, 16.0 ] },
                "west": { "texture": "#4", "uv": [ 0.0, 0.0, 16.0, 16.0 ] }
            }
        }
    ]
}