{
    "textures": {
        "0": "blocks/hibernation_pod4",
        "1": "block/netherite_block",
        "2": "blocks/hibernation_pod2",
        "3": "blocks/hibernation_pod8",
        "4": "blocks/hibernation_pod7",
        "5": "blocks/hibernation_pod5",
        "6": "blocks/hibernation_pod6"
    },
	"display": 
	{
		"thirdperson_righthand": 
		{
			"rotation": [ 90, 180, 0 ],
			"translation": [ -6, -2, 4 ],
			"scale": [ 1, 1, 1 ]
		}
	},
    "elements": [
        {
            "name": "Cube",
            "from": [ 0.0, -16.0, 0.0 ], 
            "to": [ 16.0, -8.0, 16.0 ], 
            "faces": {
                "north": { "texture": "#0", "uv": [ 0.0, 0.0, 16.0, 8.0 ] },
                "east": { "texture": "#0", "uv": [ 0.0, 8.0, 16.0, 16.0 ] },
                "south": { "texture": "#0", "uv": [ 16.0, 0.0, 0.0, 8.0 ] },
                "west": { "texture": "#1", "uv": [ 0.0, 8.0, 16.0, 16.0 ] },
                "up": { "texture": "#1", "uv": [ 0.0, 0.0, 16.0, 16.0 ] },
                "down": { "texture": "#1", "uv": [ 0.0, 0.0, 16.0, 16.0 ] }
            }
        },
        {
            "name": "Cube",
            "from": [ 0.0, 8.0, 0.0 ], 
            "to": [ 4.0, 24.0, 1.0 ], 
            "faces": {
                "north": { "texture": "#2", "uv": [ 12.0, 0.0, 16.0, 16.0 ] },
                "east": { "texture": "#2", "uv": [ 12.0, 0.0, 13.0, 16.0 ] },
                "south": { "texture": "#2", "uv": [ 16.0, 0.0, 12.0, 16.0 ] },
                "west": { "texture": "#2", "uv": [ 15.0, 0.0, 16.0, 16.0 ] }
            }
        },
        {
            "name": "Cube",
            "from": [ 0.0, -8.0, 1.0 ], 
            "to": [ 1.0, 8.0, 15.0 ], 
            "faces": {
                "east": { "texture": "#3", "uv": [ 1.0, 0.0, 15.0, 16.0 ] },
                "west": { "texture": "#4", "uv": [ 1.0, 0.0, 15.0, 16.0 ] }
            }
        },
        {
            "name": "Cube",
            "from": [ 0.0, 8.0, 1.0 ], 
            "to": [ 1.0, 24.0, 15.0 ], 
            "faces": {
                "east": { "texture": "#3", "uv": [ 1.0, 0.0, 15.0, 16.0 ] },
                "west": { "texture": "#4", "uv": [ 1.0, 0.0, 15.0, 16.0 ] }
            }
        },
        {
            "name": "Cube",
            "from": [ 0.0, 8.0, 15.0 ], 
            "to": [ 4.0, 24.0, 16.0 ], 
            "faces": {
                "north": { "texture": "#2", "uv": [ 12.0, 0.0, 16.0, 16.0 ] },
                "east": { "texture": "#2", "uv": [ 12.0, 0.0, 13.0, 16.0 ] },
                "south": { "texture": "#2", "uv": [ 16.0, 0.0, 12.0, 16.0 ] },
                "west": { "texture": "#2", "uv": [ 15.0, 0.0, 16.0, 16.0 ] }
            }
        },
        {
            "name": "Cube",
            "from": [ 0.0, -8.0, 0.0 ], 
            "to": [ 4.0, 8.0, 1.0 ], 
            "faces": {
                "north": { "texture": "#2", "uv": [ 12.0, 0.0, 16.0, 16.0 ] },
                "east": { "texture": "#2", "uv": [ 12.0, 0.0, 13.0, 16.0 ] },
                "south": { "texture": "#2", "uv": [ 16.0, 0.0, 12.0, 16.0 ] },
                "west": { "texture": "#2", "uv": [ 15.0, 0.0, 16.0, 16.0 ] }
            }
        },
        {
            "name": "Cube",
            "from": [ 0.0, -8.0, 15.0 ], 
            "to": [ 4.0, 8.0, 16.0 ], 
            "faces": {
                "north": { "texture": "#2", "uv": [ 12.0, 0.0, 16.0, 16.0 ] },
                "east": { "texture": "#2", "uv": [ 12.0, 0.0, 13.0, 16.0 ] },
                "south": { "texture": "#2", "uv": [ 16.0, 0.0, 12.0, 16.0 ] },
                "west": { "texture": "#2", "uv": [ 15.0, 0.0, 16.0, 16.0 ] }
            }
        },
        {
            "name": "Cube",
            "from": [ 0.0, 24.0, 15.0 ], 
            "to": [ 4.0, 32.0, 16.0 ], 
            "faces": {
                "north": { "texture": "#5", "uv": [ 12.0, 8.0, 16.0, 16.0 ] },
                "east": { "texture": "#5", "uv": [ 12.0, 8.0, 13.0, 16.0 ] },
                "south": { "texture": "#5", "uv": [ 16.0, 8.0, 12.0, 16.0 ] },
                "west": { "texture": "#5", "uv": [ 15.0, 8.0, 16.0, 16.0 ] },
                "up": { "texture": "#5", "uv": [ 12.0, 8.0, 16.0, 9.0 ], "rotation": 180 }
            }
        },
        {
            "name": "Cube",
            "from": [ 0.0, 24.0, 0.0 ], 
            "to": [ 4.0, 32.0, 1.0 ], 
            "faces": {
                "north": { "texture": "#5", "uv": [ 12.0, 8.0, 16.0, 16.0 ] },
                "east": { "texture": "#5", "uv": [ 12.0, 8.0, 13.0, 16.0 ] },
                "south": { "texture": "#5", "uv": [ 16.0, 8.0, 12.0, 16.0 ] },
                "west": { "texture": "#5", "uv": [ 15.0, 8.0, 16.0, 16.0 ] },
                "up": { "texture": "#5", "uv": [ 12.0, 8.0, 16.0, 9.0 ] }
            }
        },
        {
            "name": "Cube",
            "from": [ 0.0, 24.0, 1.0 ], 
            "to": [ 1.0, 32.0, 15.0 ], 
            "faces": {
                "north": { "texture": "#1", "uv": [ 0.0, 0.0, 1.0, 8.0 ] },
                "east": { "texture": "#0", "uv": [ 1.0, 8.0, 15.0, 16.0 ], "rotation": 180 },
                "south": { "texture": "#1", "uv": [ 0.0, 0.0, 1.0, 8.0 ] },
                "west": { "texture": "#1", "uv": [ 1.0, 0.0, 15.0, 8.0 ] },
                "up": { "texture": "#1", "uv": [ 1.0, 0.0, 15.0, 1.0 ], "rotation": 90 }
            }
        },
        {
            "name": "Cube",
            "from": [ 1.0, 28.0, 1.0 ], 
            "to": [ 15.0, 32.0, 15.0 ], 
            "faces": {
                "north": { "texture": "#5", "uv": [ 1.0, 0.0, 15.0, 4.0 ] },
                "east": { "texture": "#5", "uv": [ 1.0, 0.0, 15.0, 4.0 ], "rotation": 180 },
                "south": { "texture": "#5", "uv": [ 15.0, 0.0, 1.0, 4.0 ] },
                "up": { "texture": "#6", "uv": [ 1.0, 1.0, 15.0, 15.0 ], "rotation": 90 },
                "down": { "texture": "#6", "uv": [ 1.0, 1.0, 15.0, 15.0 ], "rotation": 90 }
            }
        }
    ]
}