{
    "textures": {
        "0": "blocks/holographic_meatloaf"
    },
	"gui_light": "front",
	"display": 
	{
		"thirdperson_righthand": 
		{
			"rotation": [ 90, 180, 0 ],
			"translation": [ -6, -2, 12 ],
			"scale": [ 1, 1, 1 ]
		},
		"ground": {
            "rotation": [ 0, 0, 0 ],
            "translation": [ 0, -8, 0],
            "scale":[ 1, 1, 1 ]
        },
        "gui": {
            "rotation": [ 20, 30, 0 ],
            "translation": [ 0, 10, 0],
            "scale":[ 0.8, 0.8, 0.8 ]
        }
	},
    "elements": [
        {
            "name": "Cube",
            "from": [ 2.0, 0.0, 2.0 ], 
            "to": [ 14.0, 0.5, 14.0 ], 
            "faces": {
                "north": { "texture": "#0", "uv": [ 0.0, 4.0, 12.0, 4.5 ] },
                "east": { "texture": "#0", "uv": [ 0.0, 15.0, 12.0, 15.5 ] },
                "south": { "texture": "#0", "uv": [ 0.0, 15.0, 12.0, 15.5 ] },
                "west": { "texture": "#0", "uv": [ 0.0, 4.0, 12.0, 4.5 ] },
                "up": { "texture": "#0", "uv": [ 0.0, 4.0, 12.0, 16.0 ] },
                "down": { "texture": "#0", "uv": [ 0.0, 4.0, 12.0, 16.0 ] }
            }
        },
        {
            "name": "Cube",
            "from": [ 6.5, 0.5, 6.0 ], 
            "to": [ 13.5, 3.5, 10.0 ], 
            "faces": {
                "north": { "texture": "#0", "uv": [ 10.0, 0.0, 3.0, 3.0 ] },
                "east": { "texture": "#0", "uv": [ 7.0, 0.0, 11.0, 3.0 ] },
                "south": { "texture": "#0", "uv": [ 5.0, 0.0, 12.0, 3.0 ] },
                "west": { "texture": "#0", "uv": [ 0.0, 0.0, 3.0, 4.0 ], "rotation": 90 },
                "up": { "texture": "#0", "uv": [ 3.0, 0.0, 10.0, 4.0 ] },
                "down": { "texture": "#0", "uv": [ 3.0, 0.0, 10.0, 4.0 ] }
            }
        },
        {
            "name": "Cube",
            "from": [ 3.0, 0.5, 6.0 ], 
            "to": [ 6.0, 1.5, 10.0 ], 
            "rotation": { "origin": [ 6.0, 0.5, 8.0 ], "axis": "z", "angle": -45.0 },
            "faces": {
                "north": { "texture": "#0", "uv": [ 4.0, 0.0, 7.0, 1.0 ] },
                "east": { "texture": "#0", "uv": [ 4.0, 0.0, 8.0, 1.0 ] },
                "south": { "texture": "#0", "uv": [ 4.0, 0.0, 7.0, 1.0 ] },
                "west": { "texture": "#0", "uv": [ 4.0, 1.0, 8.0, 2.0 ] },
                "up": { "texture": "#0", "uv": [ 0.0, 0.0, 3.0, 4.0 ] },
                "down": { "texture": "#0", "uv": [ 0.0, 0.0, 3.0, 4.0 ] }
            }
        },
        {
            "name": "Cube",
            "from": [ 2.0, 0.5, 6.0 ], 
            "to": [ 5.0, 1.5, 10.0 ], 
            "faces": {
                "north": { "texture": "#0", "uv": [ 4.0, 2.0, 7.0, 3.0 ] },
                "east": { "texture": "#0", "uv": [ 5.0, 1.0, 9.0, 2.0 ] },
                "south": { "texture": "#0", "uv": [ 5.0, 2.0, 8.0, 3.0 ] },
                "west": { "texture": "#0", "uv": [ 6.0, 0.0, 10.0, 1.0 ] },
                "up": { "texture": "#0", "uv": [ 0.0, 0.0, 3.0, 4.0 ] },
                "down": { "texture": "#0", "uv": [ 0.0, 0.0, 3.0, 4.0 ] }
            }
        }
    ]
}