{
    "textures": {
        "particle": "blocks/keypad"
    },
    "elements": [
        {
            "name": "Cube",
            "from": [ 7.0, 0.5, 5.5 ], 
            "to": [ 8.0, 1.0, 6.5 ], 
            "faces": {
                "north": { "texture": "#0", "uv": [ 6.0, 10.0, 7.0, 11.0 ] },
                "east": { "texture": "#0", "uv": [ 6.0, 10.0, 7.0, 11.0 ] },
                "south": { "texture": "#0", "uv": [ 6.0, 10.0, 7.0, 11.0 ] },
                "west": { "texture": "#0", "uv": [ 6.0, 10.0, 7.0, 11.0 ] },
                "up": { "texture": "#0", "uv": [ 6.0, 10.0, 7.0, 11.0 ] },
                "down": { "texture": "#0", "uv": [ 4.0, 11.0, 5.0, 11.5 ] }
            }
        },
        {
            "name": "Cube",
            "from": [ 8.5, 0.5, 5.5 ], 
            "to": [ 9.5, 1.0, 6.5 ], 
            "faces": {
                "north": { "texture": "#0", "uv": [ 5.0, 10.0, 6.0, 11.0 ] },
                "east": { "texture": "#0", "uv": [ 5.0, 10.0, 6.0, 11.0 ] },
                "south": { "texture": "#0", "uv": [ 5.0, 10.0, 6.0, 11.0 ] },
                "west": { "texture": "#0", "uv": [ 5.0, 10.0, 6.0, 11.0 ] },
                "up": { "texture": "#0", "uv": [ 5.0, 10.0, 6.0, 11.0 ] },
                "down": { "texture": "#0", "uv": [ 5.0, 10.0, 6.0, 10.5 ] }
            }
        },
        {
            "name": "Cube",
            "from": [ 8.5, 0.5, 7.0 ], 
            "to": [ 9.5, 1.0, 8.0 ], 
            "faces": {
                "north": { "texture": "#0", "uv": [ 5.0, 9.0, 6.0, 10.0 ] },
                "east": { "texture": "#0", "uv": [ 5.0, 9.0, 6.0, 10.0 ] },
                "south": { "texture": "#0", "uv": [ 5.0, 9.0, 6.0, 10.0 ] },
                "west": { "texture": "#0", "uv": [ 5.0, 9.0, 6.0, 10.0 ] },
                "up": { "texture": "#0", "uv": [ 5.0, 9.0, 6.0, 10.0 ] },
                "down": { "texture": "#0", "uv": [ 0.0, 0.0, 1.0, 0.5 ] }
            }
        },
        {
            "name": "Cube",
            "from": [ 7.0, 0.5, 7.0 ], 
            "to": [ 8.0, 1.0, 8.0 ], 
            "faces": {
                "north": { "texture": "#0", "uv": [ 6.0, 9.0, 7.0, 10.0 ] },
                "east": { "texture": "#0", "uv": [ 6.0, 9.0, 7.0, 10.0 ] },
                "south": { "texture": "#0", "uv": [ 6.0, 9.0, 7.0, 10.0 ] },
                "west": { "texture": "#0", "uv": [ 6.0, 9.0, 7.0, 10.0 ] },
                "up": { "texture": "#0", "uv": [ 6.0, 9.0, 7.0, 10.0 ] },
                "down": { "texture": "#0", "uv": [ 0.0, 0.0, 1.0, 0.5 ] }
            }
        },
        {
            "name": "Cube",
            "from": [ 7.0, 0.5, 4.0 ], 
            "to": [ 8.0, 1.0, 5.0 ], 
            "faces": {
                "north": { "texture": "#0", "uv": [ 6.0, 11.0, 7.0, 12.0 ] },
                "east": { "texture": "#0", "uv": [ 6.0, 11.0, 7.0, 12.0 ] },
                "south": { "texture": "#0", "uv": [ 6.0, 11.0, 7.0, 12.0 ] },
                "west": { "texture": "#0", "uv": [ 6.0, 11.0, 7.0, 12.0 ] },
                "up": { "texture": "#0", "uv": [ 6.0, 11.0, 7.0, 12.0 ] },
                "down": { "texture": "#0", "uv": [ 0.0, 0.0, 1.0, 0.5 ] }
            }
        },
        {
            "name": "Cube",
            "from": [ 8.5, 0.5, 4.0 ], 
            "to": [ 9.5, 1.0, 5.0 ], 
            "faces": {
                "north": { "texture": "#0", "uv": [ 5.0, 11.0, 6.0, 12.0 ] },
                "east": { "texture": "#0", "uv": [ 5.0, 11.0, 6.0, 12.0 ] },
                "south": { "texture": "#0", "uv": [ 5.0, 11.0, 6.0, 12.0 ] },
                "west": { "texture": "#0", "uv": [ 5.0, 11.0, 6.0, 12.0 ] },
                "up": { "texture": "#0", "uv": [ 5.0, 11.0, 6.0, 12.0 ] },
                "down": { "texture": "#0", "uv": [ 0.0, 0.0, 1.0, 0.5 ] }
            }
        },
        {
            "name": "Cube",
            "from": [ 5.0, 0.5, 4.0 ], 
            "to": [ 6.0, 1.0, 6.0 ], 
            "faces": {
                "north": { "texture": "#0", "uv": [ 7.0, 11.0, 8.0, 12.0 ] },
                "east": { "texture": "#0", "uv": [ 7.0, 10.0, 8.0, 12.0 ], "rotation": 270 },
                "south": { "texture": "#0", "uv": [ 7.0, 10.0, 8.0, 11.0 ] },
                "west": { "texture": "#0", "uv": [ 7.0, 10.0, 8.0, 12.0 ], "rotation": 90 },
                "up": { "texture": "#0", "uv": [ 7.0, 10.0, 8.0, 12.0 ], "rotation": 180 },
                "down": { "texture": "#0", "uv": [ 0.0, 0.0, 1.0, 0.5 ] }
            }
        },
        {
            "name": "Cube",
            "from": [ 5.0, 0.5, 7.0 ], 
            "to": [ 6.0, 1.0, 8.0 ], 
            "faces": {
                "north": { "texture": "#0", "uv": [ 7.0, 9.0, 8.0, 10.0 ] },
                "east": { "texture": "#0", "uv": [ 7.0, 9.0, 8.0, 10.0 ] },
                "south": { "texture": "#0", "uv": [ 7.0, 9.0, 8.0, 10.0 ] },
                "west": { "texture": "#0", "uv": [ 7.0, 9.0, 8.0, 10.0 ] },
                "up": { "texture": "#0", "uv": [ 7.0, 9.0, 8.0, 10.0 ] },
                "down": { "texture": "#0", "uv": [ 0.0, 0.0, 1.0, 0.5 ] }
            }
        },
        {
            "name": "Cube",
            "from": [ 10.0, 0.5, 7.0 ], 
            "to": [ 11.0, 1.0, 8.0 ], 
            "faces": {
                "north": { "texture": "#0", "uv": [ 4.0, 9.0, 5.0, 10.0 ] },
                "east": { "texture": "#0", "uv": [ 4.0, 9.0, 5.0, 10.0 ] },
                "south": { "texture": "#0", "uv": [ 4.0, 9.0, 5.0, 10.0 ] },
                "west": { "texture": "#0", "uv": [ 4.0, 9.0, 5.0, 10.0 ] },
                "up": { "texture": "#0", "uv": [ 4.0, 9.0, 5.0, 10.0 ] },
                "down": { "texture": "#0", "uv": [ 4.0, 9.0, 5.0, 10.0 ] }
            }
        },
        {
            "name": "Cube",
            "from": [ 10.0, 0.5, 4.0 ], 
            "to": [ 11.0, 1.0, 5.0 ], 
            "faces": {
                "north": { "texture": "#0", "uv": [ 4.0, 11.0, 5.0, 12.0 ] },
                "east": { "texture": "#0", "uv": [ 4.0, 11.0, 5.0, 12.0 ] },
                "south": { "texture": "#0", "uv": [ 4.0, 11.0, 5.0, 12.0 ] },
                "west": { "texture": "#0", "uv": [ 4.0, 11.0, 5.0, 12.0 ] },
                "up": { "texture": "#0", "uv": [ 4.0, 11.0, 5.0, 12.0 ] },
                "down": { "texture": "#0", "uv": [ 0.0, 0.0, 1.0, 0.5 ] }
            }
        },
        {
            "name": "Cube",
            "from": [ 10.0, 0.5, 5.5 ], 
            "to": [ 11.0, 1.0, 6.5 ], 
            "faces": {
                "north": { "texture": "#0", "uv": [ 4.0, 10.0, 5.0, 11.0 ] },
                "east": { "texture": "#0", "uv": [ 4.0, 10.0, 5.0, 11.0 ] },
                "south": { "texture": "#0", "uv": [ 4.0, 10.0, 5.0, 11.0 ] },
                "west": { "texture": "#0", "uv": [ 4.0, 10.0, 5.0, 11.0 ] },
                "up": { "texture": "#0", "uv": [ 4.0, 10.0, 5.0, 11.0 ] },
                "down": { "texture": "#0", "uv": [ 0.0, 0.0, 1.0, 0.5 ] }
            }
        },
        {
            "name": "Cube",
            "from": [ 4.0, 0.0, 3.0 ], 
            "to": [ 12.0, 0.5, 12.0 ], 
            "faces": {
                "north": { "texture": "#0", "uv": [ 0.0, 8.0, 8.0, 9.0 ] },
                "east": { "texture": "#0", "uv": [ 0.0, 9.0, 0.5, 0.0 ], "rotation": 90 },
                "south": { "texture": "#0", "uv": [ 8.0, 8.0, 0.0, 9.0 ] },
                "west": { "texture": "#0", "uv": [ 7.0, 0.0, 7.5, 9.0 ], "rotation": 90 },
                "up": { "texture": "#0", "uv": [ 8.0, 9.0, 0.0, 0.0 ] },
                "down": { "texture": "#0", "uv": [ 8.0, 0.0, 16.0, 9.0 ] }
            }
        },
        {
            "name": "Cube",
            "from": [ 10.0, 0.5, 7.0 ], 
            "to": [ 11.0, 1.5, 8.0 ], 
            "faces": {
                "north": { "texture": "#0", "uv": [ 0.0, 9.0, 1.0, 10.0 ] },
                "east": { "texture": "#0", "uv": [ 0.0, 9.0, 1.0, 10.0 ] },
                "south": { "texture": "#0", "uv": [ 0.0, 9.0, 1.0, 10.0 ] },
                "west": { "texture": "#0", "uv": [ 0.0, 9.0, 1.0, 10.0 ] },
                "up": { "texture": "#0", "uv": [ 0.0, 9.0, 1.0, 10.0 ] },
                "down": { "texture": "#0", "uv": [ 0.0, 9.0, 1.0, 10.0 ] }
            }
        },
        {
            "name": "Cube",
            "from": [ 8.5, 0.5, 7.0 ], 
            "to": [ 9.5, 1.5, 8.0 ], 
            "faces": {
                "north": { "texture": "#0", "uv": [ 1.0, 9.0, 2.0, 10.0 ] },
                "east": { "texture": "#0", "uv": [ 1.0, 9.0, 2.0, 10.0 ] },
                "south": { "texture": "#0", "uv": [ 1.0, 9.0, 2.0, 10.0 ] },
                "west": { "texture": "#0", "uv": [ 1.0, 9.0, 2.0, 10.0 ] },
                "up": { "texture": "#0", "uv": [ 1.0, 9.0, 2.0, 10.0 ] },
                "down": { "texture": "#0", "uv": [ 0.0, 0.0, 1.0, 0.5 ] }
            }
        },
        {
            "name": "Cube",
            "from": [ 7.0, 0.5, 7.0 ], 
            "to": [ 8.0, 1.5, 8.0 ], 
            "faces": {
                "north": { "texture": "#0", "uv": [ 2.0, 9.0, 3.0, 10.0 ] },
                "east": { "texture": "#0", "uv": [ 2.0, 9.0, 3.0, 10.0 ] },
                "south": { "texture": "#0", "uv": [ 2.0, 9.0, 3.0, 10.0 ] },
                "west": { "texture": "#0", "uv": [ 2.0, 9.0, 3.0, 10.0 ] },
                "up": { "texture": "#0", "uv": [ 2.0, 9.0, 3.0, 10.0 ] },
                "down": { "texture": "#0", "uv": [ 0.0, 0.0, 1.0, 0.5 ] }
            }
        },
        {
            "name": "Cube",
            "from": [ 5.0, 0.5, 7.0 ], 
            "to": [ 6.0, 1.5, 8.0 ], 
            "faces": {
                "north": { "texture": "#0", "uv": [ 3.0, 9.0, 4.0, 10.0 ] },
                "east": { "texture": "#0", "uv": [ 3.0, 9.0, 4.0, 10.0 ] },
                "south": { "texture": "#0", "uv": [ 3.0, 9.0, 4.0, 10.0 ] },
                "west": { "texture": "#0", "uv": [ 3.0, 9.0, 4.0, 10.0 ] },
                "up": { "texture": "#0", "uv": [ 3.0, 9.0, 4.0, 10.0 ] },
                "down": { "texture": "#0", "uv": [ 0.0, 0.0, 1.0, 0.5 ] }
            }
        },
        {
            "name": "Cube",
            "from": [ 10.0, 0.5, 5.5 ], 
            "to": [ 11.0, 1.5, 6.5 ], 
            "faces": {
                "north": { "texture": "#0", "uv": [ 0.0, 10.0, 1.0, 11.0 ] },
                "east": { "texture": "#0", "uv": [ 0.0, 10.0, 1.0, 11.0 ] },
                "south": { "texture": "#0", "uv": [ 0.0, 10.0, 1.0, 11.0 ] },
                "west": { "texture": "#0", "uv": [ 0.0, 10.0, 1.0, 11.0 ] },
                "up": { "texture": "#0", "uv": [ 0.0, 10.0, 1.0, 11.0 ] },
                "down": { "texture": "#0", "uv": [ 0.0, 0.0, 1.0, 0.5 ] }
            }
        },
        {
            "name": "Cube",
            "from": [ 8.5, 0.5, 5.5 ], 
            "to": [ 9.5, 1.5, 6.5 ], 
            "faces": {
                "north": { "texture": "#0", "uv": [ 1.0, 10.0, 2.0, 11.0 ] },
                "east": { "texture": "#0", "uv": [ 1.0, 10.0, 2.0, 11.0 ] },
                "south": { "texture": "#0", "uv": [ 1.0, 10.0, 2.0, 11.0 ] },
                "west": { "texture": "#0", "uv": [ 1.0, 10.0, 2.0, 11.0 ] },
                "up": { "texture": "#0", "uv": [ 1.0, 10.0, 2.0, 11.0 ] },
                "down": { "texture": "#0", "uv": [ 5.0, 10.0, 6.0, 10.5 ] }
            }
        },
        {
            "name": "Cube",
            "from": [ 7.0, 0.5, 5.5 ], 
            "to": [ 8.0, 1.5, 6.5 ], 
            "faces": {
                "north": { "texture": "#0", "uv": [ 2.0, 10.0, 3.0, 11.0 ] },
                "east": { "texture": "#0", "uv": [ 2.0, 10.0, 3.0, 11.0 ] },
                "south": { "texture": "#0", "uv": [ 2.0, 10.0, 3.0, 11.0 ] },
                "west": { "texture": "#0", "uv": [ 2.0, 10.0, 3.0, 11.0 ] },
                "up": { "texture": "#0", "uv": [ 2.0, 10.0, 3.0, 11.0 ] },
                "down": { "texture": "#0", "uv": [ 4.0, 11.0, 5.0, 11.5 ] }
            }
        },
        {
            "name": "Cube",
            "from": [ 10.0, 0.5, 4.0 ], 
            "to": [ 11.0, 1.5, 5.0 ], 
            "faces": {
                "north": { "texture": "#0", "uv": [ 0.0, 11.0, 1.0, 12.0 ] },
                "east": { "texture": "#0", "uv": [ 0.0, 11.0, 1.0, 12.0 ] },
                "south": { "texture": "#0", "uv": [ 0.0, 11.0, 1.0, 12.0 ] },
                "west": { "texture": "#0", "uv": [ 0.0, 11.0, 1.0, 12.0 ] },
                "up": { "texture": "#0", "uv": [ 0.0, 11.0, 1.0, 12.0 ] },
                "down": { "texture": "#0", "uv": [ 0.0, 0.0, 1.0, 0.5 ] }
            }
        },
        {
            "name": "Cube",
            "from": [ 8.5, 0.5, 4.0 ], 
            "to": [ 9.5, 1.5, 5.0 ], 
            "faces": {
                "north": { "texture": "#0", "uv": [ 1.0, 11.0, 2.0, 12.0 ] },
                "east": { "texture": "#0", "uv": [ 1.0, 11.0, 2.0, 12.0 ] },
                "south": { "texture": "#0", "uv": [ 1.0, 11.0, 2.0, 12.0 ] },
                "west": { "texture": "#0", "uv": [ 1.0, 11.0, 2.0, 12.0 ] },
                "up": { "texture": "#0", "uv": [ 1.0, 11.0, 2.0, 12.0 ] },
                "down": { "texture": "#0", "uv": [ 0.0, 0.0, 1.0, 0.5 ] }
            }
        },
        {
            "name": "Cube",
            "from": [ 7.0, 0.5, 4.0 ], 
            "to": [ 8.0, 1.5, 5.0 ], 
            "faces": {
                "north": { "texture": "#0", "uv": [ 2.0, 11.0, 3.0, 12.0 ] },
                "east": { "texture": "#0", "uv": [ 2.0, 11.0, 3.0, 12.0 ] },
                "south": { "texture": "#0", "uv": [ 2.0, 11.0, 3.0, 12.0 ] },
                "west": { "texture": "#0", "uv": [ 2.0, 11.0, 3.0, 12.0 ] },
                "up": { "texture": "#0", "uv": [ 2.0, 11.0, 3.0, 12.0 ] },
                "down": { "texture": "#0", "uv": [ 0.0, 0.0, 1.0, 0.5 ] }
            }
        },
        {
            "name": "Cube",
            "from": [ 5.0, 0.5, 4.0 ], 
            "to": [ 6.0, 1.5, 6.0 ], 
            "faces": {
                "north": { "texture": "#0", "uv": [ 3.0, 11.0, 4.0, 12.0 ] },
                "east": { "texture": "#0", "uv": [ 3.0, 10.0, 4.0, 12.0 ], "rotation": 270 },
                "south": { "texture": "#0", "uv": [ 3.0, 10.0, 4.0, 11.0 ] },
                "west": { "texture": "#0", "uv": [ 3.0, 10.0, 4.0, 12.0 ], "rotation": 90 },
                "up": { "texture": "#0", "uv": [ 3.0, 10.0, 4.0, 12.0 ], "rotation": 180 },
                "down": { "texture": "#0", "uv": [ 0.0, 0.0, 1.0, 0.5 ] }
            }
        }
    ]
}