{
	"display": 
	{
		"thirdperson_righthand": 
		{
			"rotation": [ 90, 191.25, 0 ],
			"translation": [ 2, -2, 12 ],
			"scale": [ 1, 1, 1 ]
		}
	},
    "elements": [
        {
            "name": "Cube",
            "from": [ 16.0, 2.0, 5.5 ], 
            "to": [ 32.0, 11.0, 6.5 ], 
            "rotation": { "origin": [ 24.0, 8.0, 8.0 ], "axis": "y", "angle": -22.5 },
            "faces": {
                "north": { "texture": "#pc", "uv": [ 16.0, 0.0, 0.0, 9.0 ] },
                "east": { "texture": "#pc", "uv": [ 15.0, 0.0, 16.0, 9.0 ] },
                "south": { "texture": "#screen2", "uv": [ 0.0, 0.0, 16.0, 9.0 ] },
                "west": { "texture": "#pc", "uv": [ 0.0, 0.0, 1.0, 9.0 ] },
                "up": { "texture": "#pc", "uv": [ 0.0, 0.0, 16.0, 1.0 ] },
                "down": { "texture": "#pc", "uv": [ 0.0, 8.0, 16.0, 9.0 ] }
            }
        },
        {
            "name": "Cube",
            "from": [ 6.0, 0.0, 2.0 ], 
            "to": [ 7.0, 5.0, 3.0 ], 
            "faces": {
                "north": { "texture": "#pc", "uv": [ 0.0, 11.0, 1.0, 16.0 ] },
                "east": { "texture": "#pc", "uv": [ 0.0, 11.0, 1.0, 16.0 ] },
                "south": { "texture": "#pc", "uv": [ 0.0, 11.0, 1.0, 16.0 ] },
                "west": { "texture": "#pc", "uv": [ 0.0, 11.0, 1.0, 16.0 ] },
                "up": { "texture": "#pc", "uv": [ 0.0, 11.0, 1.0, 12.0 ] },
                "down": { "texture": "#pc", "uv": [ 0.0, 15.0, 1.0, 16.0 ] }
            }
        },
        {
            "name": "Cube",
            "from": [ 9.0, 0.0, 2.0 ], 
            "to": [ 10.0, 5.0, 3.0 ], 
            "faces": {
                "north": { "texture": "#pc", "uv": [ 0.0, 11.0, 1.0, 16.0 ] },
                "east": { "texture": "#pc", "uv": [ 0.0, 11.0, 1.0, 16.0 ] },
                "south": { "texture": "#pc", "uv": [ 0.0, 11.0, 1.0, 16.0 ] },
                "west": { "texture": "#pc", "uv": [ 0.0, 11.0, 1.0, 16.0 ] },
                "up": { "texture": "#pc", "uv": [ 0.0, 11.0, 1.0, 12.0 ] },
                "down": { "texture": "#pc", "uv": [ 0.0, 15.0, 1.0, 16.0 ] }
            }
        },
        {
            "name": "Cube",
            "from": [ 6.0, 5.0, 2.0 ], 
            "to": [ 10.0, 7.0, 3.0 ], 
            "faces": {
                "north": { "texture": "#pc", "uv": [ 0.0, 9.0, 4.0, 11.0 ] },
                "east": { "texture": "#pc", "uv": [ 0.0, 9.0, 1.0, 11.0 ] },
                "west": { "texture": "#pc", "uv": [ 3.0, 9.0, 4.0, 11.0 ] },
                "up": { "texture": "#pc", "uv": [ 0.0, 9.0, 4.0, 10.0 ], "rotation": 180 },
                "down": { "texture": "#pc", "uv": [ 0.0, 10.0, 4.0, 11.0 ], "rotation": 180 }
            }
        },
        {
            "name": "Cube",
            "from": [ 0.0, 2.0, 2.5 ], 
            "to": [ 16.0, 11.0, 3.5 ], 
            "faces": {
                "north": { "texture": "#pc", "uv": [ 16.0, 0.0, 0.0, 9.0 ] },
                "east": { "texture": "#pc", "uv": [ 15.0, 0.0, 16.0, 9.0 ] },
                "south": { "texture": "#screen1", "uv": [ 0.0, 0.0, 16.0, 9.0 ] },
                "west": { "texture": "#pc", "uv": [ 0.0, 0.0, 1.0, 9.0 ] },
                "up": { "texture": "#pc", "uv": [ 0.0, 0.0, 16.0, 1.0 ] },
                "down": { "texture": "#pc", "uv": [ 0.0, 8.0, 16.0, 9.0 ] }
            }
        },
        {
            "name": "Cube",
            "from": [ 22.0, 5.0, 5.0 ], 
            "to": [ 26.0, 7.0, 6.0 ], 
            "rotation": { "origin": [ 24.0, 8.0, 8.0 ], "axis": "y", "angle": -22.5 },
            "faces": {
                "north": { "texture": "#pc", "uv": [ 0.0, 9.0, 4.0, 11.0 ] },
                "east": { "texture": "#pc", "uv": [ 0.0, 9.0, 1.0, 11.0 ] },
                "west": { "texture": "#pc", "uv": [ 3.0, 9.0, 4.0, 11.0 ] },
                "up": { "texture": "#pc", "uv": [ 0.0, 9.0, 4.0, 10.0 ], "rotation": 180 },
                "down": { "texture": "#pc", "uv": [ 0.0, 10.0, 4.0, 11.0 ], "rotation": 180 }
            }
        },
        {
            "name": "Cube",
            "from": [ 25.0, 0.0, 5.0 ], 
            "to": [ 26.0, 5.0, 6.0 ], 
            "rotation": { "origin": [ 24.0, 8.0, 8.0 ], "axis": "y", "angle": -22.5 },
            "faces": {
                "north": { "texture": "#pc", "uv": [ 0.0, 11.0, 1.0, 16.0 ] },
                "east": { "texture": "#pc", "uv": [ 0.0, 11.0, 1.0, 16.0 ] },
                "south": { "texture": "#pc", "uv": [ 0.0, 11.0, 1.0, 16.0 ] },
                "west": { "texture": "#pc", "uv": [ 0.0, 11.0, 1.0, 16.0 ] },
                "up": { "texture": "#pc", "uv": [ 0.0, 11.0, 1.0, 12.0 ] },
                "down": { "texture": "#pc", "uv": [ 0.0, 15.0, 1.0, 16.0 ] }
            }
        },
        {
            "name": "Cube",
            "from": [ 22.0, 0.0, 5.0 ], 
            "to": [ 23.0, 5.0, 6.0 ], 
            "rotation": { "origin": [ 24.0, 8.0, 8.0 ], "axis": "y", "angle": -22.5 },
            "faces": {
                "north": { "texture": "#pc", "uv": [ 0.0, 11.0, 1.0, 16.0 ] },
                "east": { "texture": "#pc", "uv": [ 0.0, 11.0, 1.0, 16.0 ] },
                "south": { "texture": "#pc", "uv": [ 0.0, 0.0, 1.0, 5.0 ] },
                "west": { "texture": "#pc", "uv": [ 0.0, 11.0, 1.0, 16.0 ] },
                "up": { "texture": "#pc", "uv": [ 0.0, 10.0, 1.0, 11.0 ] },
                "down": { "texture": "#pc", "uv": [ 0.0, 15.0, 1.0, 16.0 ] }
            }
        },
        {
            "name": "Cube",
            "from": [ 4.0, 0.0, 9.0 ], 
            "to": [ 16.0, 0.5, 14.0 ], 
            "faces": {
                "north": { "texture": "#pc", "uv": [ 4.0, 11.0, 16.0, 11.5 ] },
                "east": { "texture": "#pc", "uv": [ 15.0, 11.0, 16.0, 16.0 ], "rotation": 90 },
                "south": { "texture": "#pc", "uv": [ 4.0, 15.0, 16.0, 15.5 ] },
                "west": { "texture": "#pc", "uv": [ 4.0, 11.0, 5.0, 16.0 ], "rotation": 270 },
                "up": { "texture": "#pc", "uv": [ 4.0, 11.0, 16.0, 16.0 ] },
                "down": { "texture": "#pc", "uv": [ 4.0, 11.0, 16.0, 12.0 ] }
            }
        },
        {
            "name": "Cube",
            "from": [ 22.0, 0.0, 5.0 ], 
            "to": [ 25.0, 1.0, 10.0 ], 
            "rotation": { "origin": [ 8.0, 8.0, 8.0 ], "axis": "y", "angle": -22.5 },
            "faces": {
                "north": { "texture": "#pc", "uv": [ 1.0, 11.0, 4.0, 12.0 ] },
                "east": { "texture": "#pc", "uv": [ 3.0, 11.0, 4.0, 16.0 ], "rotation": 90 },
                "south": { "texture": "#pc", "uv": [ 1.0, 15.0, 4.0, 16.0 ] },
                "west": { "texture": "#pc", "uv": [ 1.0, 11.0, 2.0, 16.0 ], "rotation": 270 },
                "up": { "texture": "#pc", "uv": [ 1.0, 11.0, 4.0, 16.0 ] },
                "down": { "texture": "#pc", "uv": [ 1.0, 15.0, 4.0, 16.0 ] }
            }
        },
        {
            "name": "Cube",
            "from": [ 21.0, 0.0, 4.0 ], 
            "to": [ 27.0, 0.5, 8.0 ], 
            "rotation": { "origin": [ 24.0, 8.0, 8.0 ], "axis": "y", "angle": -22.5 },
            "faces": {
                "north": { "texture": "#pc", "uv": [ 0.0, 0.0, 6.0, 0.5 ], "rotation": 180 },
                "east": { "texture": "#pc", "uv": [ 5.0, 0.0, 6.0, 4.0 ], "rotation": 90 },
                "south": { "texture": "#pc", "uv": [ 0.0, 3.0, 6.0, 3.5 ] },
                "west": { "texture": "#pc", "uv": [ 0.0, 0.0, 1.0, 4.0 ], "rotation": 270 },
                "up": { "texture": "#pc", "uv": [ 0.0, 0.0, 6.0, 4.0 ] },
                "down": { "texture": "#pc", "uv": [ 0.0, 0.0, 6.0, 4.0 ] }
            }
        },
        {
            "name": "Cube",
            "from": [ 5.0, 0.0, 1.0 ], 
            "to": [ 11.0, 0.5, 5.0 ], 
            "faces": {
                "north": { "texture": "#pc", "uv": [ 0.0, 0.0, 6.0, 0.5 ], "rotation": 180 },
                "east": { "texture": "#pc", "uv": [ 5.0, 0.0, 6.0, 4.0 ], "rotation": 90 },
                "south": { "texture": "#pc", "uv": [ 0.0, 3.0, 6.0, 3.5 ] },
                "west": { "texture": "#pc", "uv": [ 0.0, 0.0, 1.0, 4.0 ], "rotation": 270 },
                "up": { "texture": "#pc", "uv": [ 0.0, 0.0, 6.0, 4.0 ] },
                "down": { "texture": "#pc", "uv": [ 0.0, 0.0, 6.0, 4.0 ] }
            }
        }
    ]
}