{
    "textures": {
        "0": "blocks/playing_cards"
    },
	"display": 
	{
		"thirdperson_righthand": 
		{
			"rotation": [ 90, 0, 0 ],
			"translation": [ -6, -2, 12 ],
			"scale": [ 1, 1, 1 ]
		}
	},
    "elements": [
        {
            "name": "Cube",
            "from": [ 10.0, 0.0, 5.0 ], 
            "to": [ 13.0, 1.0, 10.0 ], 
            "faces": {
                "north": { "texture": "#0", "uv": [ 9.0, 10.0, 12.0, 11.0 ] },
                "east": { "texture": "#0", "uv": [ 9.0, 10.0, 14.0, 11.0 ] },
                "south": { "texture": "#0", "uv": [ 12.0, 10.0, 15.0, 11.0 ] },
                "west": { "texture": "#0", "uv": [ 9.0, 10.0, 14.0, 11.0 ] },
                "up": { "texture": "#0", "uv": [ 0.0, 0.0, 3.0, 5.0 ] },
                "down": { "texture": "#0", "uv": [ 3.0, 0.0, 6.0, 5.0 ] }
            }
        },
        {
            "name": "Cube",
            "from": [ 3.0, 0.0, 5.0 ], 
            "to": [ 6.0, 0.0, 10.0 ], 
            "faces": {
                "up": { "texture": "#0", "uv": [ 12.0, 0.0, 15.0, 5.0 ] },
                "down": { "texture": "#0", "uv": [ 0.0, 0.0, 3.0, 5.0 ] }
            }
        },
        {
            "name": "Cube",
            "from": [ 3.0, 0.0, 5.0 ], 
            "to": [ 6.0, 0.0, 10.0 ], 
            "faces": {
                "up": { "texture": "#0", "uv": [ 9.0, 0.0, 12.0, 5.0 ] },
                "down": { "texture": "#0", "uv": [ 0.0, 0.0, 3.0, 5.0 ] }
            }
        },
        {
            "name": "Cube",
            "from": [ 3.5, 0.1, 4.5 ], 
            "to": [ 6.5, 0.1, 9.5 ], 
            "faces": {
                "up": { "texture": "#0", "uv": [ 9.0, 5.0, 12.0, 10.0 ] },
                "down": { "texture": "#0", "uv": [ 0.0, 0.0, 3.0, 5.0 ] }
            }
        },
        {
            "name": "Cube",
            "from": [ 3.0, 0.2, 5.0 ], 
            "to": [ 6.0, 0.2, 10.0 ], 
            "rotation": { "origin": [ 5.0, 9.0, 8.0 ], "axis": "y", "angle": -22.5 },
            "faces": {
                "up": { "texture": "#0", "uv": [ 9.0, 0.0, 12.0, 5.0 ] },
                "down": { "texture": "#0", "uv": [ 0.0, 0.0, 3.0, 5.0 ] }
            }
        }
    ]
}