{
    "textures": {
        "1": "block/netherite_block",
        "2": "blocks/force_field_generator"
    },
	"display": 
	{
		"thirdperson_righthand": 
		{
			"rotation": [ 90, 180, 0 ],
			"translation": [ -6, -2, 12 ],
			"scale": [ 1, 1, 1 ]
		}
	},
    "elements": [
        {
            "name": "Cube",
            "from": [ 0.0, 0.0, 0.0 ], 
            "to": [ 16.0, 2.0, 16.0 ], 
            "faces": {
                "north": { "texture": "#1", "uv": [ 0.0, 0.0, 16.0, 2.0 ] },
                "east": { "texture": "#1", "uv": [ 0.0, 0.0, 16.0, 2.0 ] },
                "south": { "texture": "#1", "uv": [ 0.0, 0.0, 16.0, 2.0 ] },
                "west": { "texture": "#1", "uv": [ 0.0, 0.0, 16.0, 2.0 ] },
                "up": { "texture": "#2", "uv": [ 0.0, 0.0, 16.0, 16.0 ] },
                "down": { "texture": "#1", "uv": [ 0.0, 0.0, 16.0, 16.0 ] }
            }
        }
    ]
}