{
    "textures": {
        "0": "blocks/question_mark",
        "1": "block/netherite_block",
        "2": "blocks/force_field_generator"
    },
	"display": 
	{
		"thirdperson_righthand": 
		{
			"rotation": [ 90, 180, 0 ],
			"translation": [ -6, -2, 12 ],
			"scale": [ 1, 1, 1 ]
		}
	},
    "elements": [
        {
            "name": "Cube",
            "from": [ 7.0, 14.0, 6.0 ], 
            "to": [ 9.0, 16.0, 10.0 ], 
            "rotation": { "origin": [ 8.0, 8.0, 8.0 ], "axis": "y", "angle": -45.0 },
            "faces": {
                "north": { "texture": "#0", "uv": [ 9.0, 1.0, 11.0, 3.0 ] },
                "east": { "texture": "#0", "uv": [ 8.0, 0.0, 12.0, 2.0 ] },
                "south": { "texture": "#0", "uv": [ 9.0, 1.0, 11.0, 3.0 ] },
                "west": { "texture": "#0", "uv": [ 8.0, 0.0, 12.0, 2.0 ] },
                "up": { "texture": "#0", "uv": [ 8.0, 0.0, 12.0, 2.0 ], "rotation": 90 },
                "down": { "texture": "#0", "uv": [ 1.0, 0.0, 5.0, 2.0 ], "rotation": 90 }
            }
        },
        {
            "name": "Cube",
            "from": [ 7.0, 12.0, 4.0 ], 
            "to": [ 9.0, 14.0, 6.0 ], 
            "rotation": { "origin": [ 8.0, 8.0, 8.0 ], "axis": "y", "angle": -45.0 },
            "faces": {
                "north": { "texture": "#0", "uv": [ 6.0, 2.0, 8.0, 4.0 ] },
                "east": { "texture": "#0", "uv": [ 6.0, 2.0, 8.0, 4.0 ] },
                "south": { "texture": "#0", "uv": [ 6.0, 3.0, 8.0, 5.0 ], "rotation": 180 },
                "west": { "texture": "#0", "uv": [ 6.0, 2.0, 8.0, 4.0 ] },
                "up": { "texture": "#0", "uv": [ 5.0, 2.0, 7.0, 4.0 ], "rotation": 270 },
                "down": { "texture": "#0", "uv": [ 6.0, 2.0, 8.0, 4.0 ] }
            }
        },
        {
            "name": "Cube",
            "from": [ 7.0, 8.0, 9.0 ], 
            "to": [ 9.0, 9.0, 10.0 ], 
            "rotation": { "origin": [ 8.0, 8.0, 8.0 ], "axis": "y", "angle": -45.0 },
            "faces": {
                "east": { "texture": "#0", "uv": [ 11.0, 7.0, 12.0, 8.0 ] },
                "south": { "texture": "#0", "uv": [ 10.0, 7.0, 12.0, 8.0 ] },
                "west": { "texture": "#0", "uv": [ 11.0, 7.0, 12.0, 8.0 ] },
                "down": { "texture": "#0", "uv": [ 10.0, 7.0, 12.0, 8.0 ] }
            }
        },
        {
            "name": "Cube",
            "from": [ 7.0, 6.0, 7.0 ], 
            "to": [ 9.0, 9.0, 9.0 ], 
            "rotation": { "origin": [ 8.0, 8.0, 8.0 ], "axis": "y", "angle": -45.0 },
            "faces": {
                "north": { "texture": "#0", "uv": [ 9.0, 7.0, 11.0, 10.0 ] },
                "east": { "texture": "#0", "uv": [ 9.0, 7.0, 11.0, 10.0 ] },
                "south": { "texture": "#0", "uv": [ 2.0, 8.0, 5.0, 10.0 ], "rotation": 270 },
                "west": { "texture": "#0", "uv": [ 9.0, 7.0, 11.0, 10.0 ] },
                "up": { "texture": "#0", "uv": [ 3.0, 6.0, 5.0, 8.0 ], "rotation": 90 },
                "down": { "texture": "#0", "uv": [ 9.0, 8.0, 11.0, 10.0 ] }
            }
        },
        {
            "name": "Cube",
            "from": [ 7.0, 9.0, 8.0 ], 
            "to": [ 9.0, 10.0, 11.0 ], 
            "rotation": { "origin": [ 8.0, 8.0, 8.0 ], "axis": "y", "angle": -45.0 },
            "faces": {
                "north": { "texture": "#0", "uv": [ 10.0, 6.0, 12.0, 7.0 ] },
                "east": { "texture": "#0", "uv": [ 10.0, 6.0, 13.0, 7.0 ] },
                "south": { "texture": "#0", "uv": [ 11.0, 6.0, 13.0, 7.0 ] },
                "west": { "texture": "#0", "uv": [ 10.0, 6.0, 13.0, 7.0 ] },
                "up": { "texture": "#0", "uv": [ 3.0, 6.0, 6.0, 8.0 ], "rotation": 90 },
                "down": { "texture": "#0", "uv": [ 3.0, 6.0, 6.0, 8.0 ], "rotation": 90 }
            }
        },
        {
            "name": "Cube",
            "from": [ 7.0, 10.0, 9.0 ], 
            "to": [ 9.0, 11.0, 10.0 ], 
            "rotation": { "origin": [ 8.0, 8.0, 8.0 ], "axis": "y", "angle": -45.0 },
            "faces": {
                "north": { "texture": "#0", "uv": [ 11.0, 5.0, 13.0, 6.0 ] },
                "east": { "texture": "#0", "uv": [ 11.0, 5.0, 12.0, 6.0 ] },
                "west": { "texture": "#0", "uv": [ 12.0, 5.0, 13.0, 6.0 ] },
                "up": { "texture": "#0", "uv": [ 11.0, 5.0, 13.0, 6.0 ] }
            }
        },
        {
            "name": "Cube",
            "from": [ 7.0, 10.0, 10.0 ], 
            "to": [ 9.0, 14.0, 12.0 ], 
            "rotation": { "origin": [ 8.0, 8.0, 8.0 ], "axis": "y", "angle": -45.0 },
            "faces": {
                "north": { "texture": "#0", "uv": [ 12.0, 2.0, 14.0, 6.0 ] },
                "east": { "texture": "#0", "uv": [ 12.0, 2.0, 14.0, 6.0 ] },
                "south": { "texture": "#0", "uv": [ 12.0, 2.0, 14.0, 6.0 ] },
                "west": { "texture": "#0", "uv": [ 12.0, 2.0, 14.0, 6.0 ] },
                "up": { "texture": "#0", "uv": [ 13.0, 2.0, 15.0, 4.0 ], "rotation": 270 },
                "down": { "texture": "#0", "uv": [ 13.0, 4.0, 15.0, 6.0 ], "rotation": 90 }
            }
        },
        {
            "name": "Cube",
            "from": [ 7.0, 3.0, 7.0 ], 
            "to": [ 9.0, 5.0, 9.0 ], 
            "rotation": { "origin": [ 8.0, 8.0, 8.0 ], "axis": "y", "angle": -45.0 },
            "faces": {
                "north": { "texture": "#0", "uv": [ 9.0, 11.0, 11.0, 13.0 ] },
                "east": { "texture": "#0", "uv": [ 9.0, 11.0, 11.0, 13.0 ] },
                "south": { "texture": "#0", "uv": [ 9.0, 11.0, 11.0, 13.0 ] },
                "west": { "texture": "#0", "uv": [ 9.0, 11.0, 11.0, 13.0 ] },
                "up": { "texture": "#0", "uv": [ 9.0, 11.0, 11.0, 13.0 ] },
                "down": { "texture": "#0", "uv": [ 9.0, 11.0, 11.0, 13.0 ] }
            }
        },
        {
            "name": "Cube",
            "from": [ 7.0, 14.0, 10.0 ], 
            "to": [ 9.0, 15.0, 11.0 ], 
            "rotation": { "origin": [ 8.0, 8.0, 8.0 ], "axis": "y", "angle": -45.0 },
            "faces": {
                "east": { "texture": "#0", "uv": [ 12.0, 1.0, 13.0, 2.0 ] },
                "south": { "texture": "#0", "uv": [ 11.0, 1.0, 13.0, 2.0 ] },
                "west": { "texture": "#0", "uv": [ 12.0, 1.0, 13.0, 2.0 ] },
                "up": { "texture": "#0", "uv": [ 11.0, 2.0, 13.0, 3.0 ] }
            }
        },
        {
            "name": "Cube",
            "from": [ 7.0, 14.0, 5.0 ], 
            "to": [ 9.0, 15.0, 6.0 ], 
            "rotation": { "origin": [ 8.0, 8.0, 8.0 ], "axis": "y", "angle": -45.0 },
            "faces": {
                "north": { "texture": "#0", "uv": [ 7.0, 1.0, 9.0, 2.0 ] },
                "east": { "texture": "#0", "uv": [ 7.0, 1.0, 8.0, 2.0 ] },
                "west": { "texture": "#0", "uv": [ 7.0, 1.0, 8.0, 2.0 ] },
                "up": { "texture": "#0", "uv": [ 7.0, 1.0, 9.0, 2.0 ] }
            }
        },
        {
            "name": "Cube",
            "from": [ 7.0, 13.0, 6.0 ], 
            "to": [ 9.0, 14.0, 7.0 ], 
            "rotation": { "origin": [ 8.0, 8.0, 8.0 ], "axis": "y", "angle": -45.0 },
            "faces": {
                "east": { "texture": "#0", "uv": [ 8.0, 2.0, 9.0, 3.0 ] },
                "south": { "texture": "#0", "uv": [ 7.0, 2.0, 9.0, 3.0 ] },
                "west": { "texture": "#0", "uv": [ 8.0, 2.0, 9.0, 3.0 ] },
                "down": { "texture": "#0", "uv": [ 7.0, 2.0, 9.0, 3.0 ] }
            }
        },
        {
            "name": "Cube",
            "from": [ 7.0, 13.0, 9.0 ], 
            "to": [ 9.0, 14.0, 10.0 ], 
            "rotation": { "origin": [ 8.0, 8.0, 8.0 ], "axis": "y", "angle": -45.0 },
            "faces": {
                "north": { "texture": "#0", "uv": [ 11.0, 2.0, 13.0, 3.0 ] },
                "east": { "texture": "#0", "uv": [ 11.0, 2.0, 12.0, 3.0 ] },
                "west": { "texture": "#0", "uv": [ 11.0, 2.0, 12.0, 3.0 ] },
                "down": { "texture": "#0", "uv": [ 11.0, 2.0, 13.0, 3.0 ] }
            }
        },
        {
            "name": "Cube",
            "from": [ 0.0, 0.0, 0.0 ], 
            "to": [ 16.0, 2.0, 16.0 ], 
            "faces": {
                "north": { "texture": "#1", "uv": [ 0.0, 0.0, 16.0, 2.0 ] },
                "east": { "texture": "#1", "uv": [ 0.0, 0.0, 16.0, 2.0 ] },
                "south": { "texture": "#1", "uv": [ 0.0, 0.0, 16.0, 2.0 ] },
                "west": { "texture": "#1", "uv": [ 0.0, 0.0, 16.0, 2.0 ] },
                "up": { "texture": "#2", "uv": [ 0.0, 0.0, 16.0, 16.0 ] },
                "down": { "texture": "#1", "uv": [ 0.0, 0.0, 16.0, 16.0 ] }
            }
        }
    ]
}