{
    "textures": {
        "particle": "blocks/red_button",
        "0": "blocks/red_button"
    },
    "elements": [
        {
            "name": "Cube",
            "from": [ 6.0, -1.0, 6.0 ], 
            "to": [ 10.0, 0.5, 10.0 ], 
            "faces": {
                "north": { "texture": "#0", "uv": [ 0.0, 14.0, 4.0, 15.5 ] },
                "east": { "texture": "#0", "uv": [ 0.0, 14.0, 4.0, 15.5 ] },
                "south": { "texture": "#0", "uv": [ 0.0, 14.0, 4.0, 15.5 ] },
                "west": { "texture": "#0", "uv": [ 0.0, 14.0, 4.0, 15.5 ] },
                "up": { "texture": "#0", "uv": [ 0.0, 11.0, 4.0, 15.0 ] },
                "down": { "texture": "#0", "uv": [ 0.0, 11.0, 4.0, 15.0 ] }
            }
        },
        {
            "name": "Cube",
            "from": [ 5.0, 0.0, 5.0 ], 
            "to": [ 11.0, 0.5, 6.0 ], 
            "faces": {
                "north": { "texture": "#0", "uv": [ 0.0, 0.0, 6.0, 0.5 ], "rotation": 180 },
                "east": { "texture": "#0", "uv": [ 5.0, 0.0, 6.0, 0.5 ] },
                "south": { "texture": "#0", "uv": [ 0.0, 0.0, 6.0, 0.5 ] },
                "west": { "texture": "#0", "uv": [ 0.0, 0.0, 1.0, 0.5 ] },
                "up": { "texture": "#0", "uv": [ 0.0, 0.0, 6.0, 1.0 ] },
                "down": { "texture": "#0", "uv": [ 0.0, 0.0, 6.0, 1.0 ] }
            }
        },
        {
            "name": "Cube",
            "from": [ 5.0, 0.0, 10.0 ], 
            "to": [ 11.0, 0.5, 11.0 ], 
            "faces": {
                "north": { "texture": "#0", "uv": [ 0.0, 5.0, 6.0, 6.0 ], "rotation": 180 },
                "east": { "texture": "#0", "uv": [ 5.0, 5.0, 6.0, 5.5 ] },
                "south": { "texture": "#0", "uv": [ 0.0, 5.0, 6.0, 5.5 ] },
                "west": { "texture": "#0", "uv": [ 0.0, 5.0, 1.0, 5.5 ] },
                "up": { "texture": "#0", "uv": [ 0.0, 5.0, 6.0, 6.0 ] },
                "down": { "texture": "#0", "uv": [ 0.0, 5.0, 6.0, 6.0 ] }
            }
        },
        {
            "name": "Cube",
            "from": [ 5.0, 0.0, 6.0 ], 
            "to": [ 6.0, 0.5, 10.0 ], 
            "faces": {
                "north": { "texture": "#0", "uv": [ 0.0, 1.0, 1.0, 1.5 ] },
                "east": { "texture": "#0", "uv": [ 0.0, 1.0, 1.0, 5.0 ], "rotation": 90 },
                "south": { "texture": "#0", "uv": [ 0.0, 4.0, 1.0, 4.5 ] },
                "west": { "texture": "#0", "uv": [ 0.0, 1.0, 1.0, 5.0 ], "rotation": 270 },
                "up": { "texture": "#0", "uv": [ 0.0, 1.0, 1.0, 5.0 ] },
                "down": { "texture": "#0", "uv": [ 0.0, 1.0, 1.0, 5.0 ], "rotation": 180 }
            }
        },
        {
            "name": "Cube",
            "from": [ 10.0, 0.0, 6.0 ], 
            "to": [ 11.0, 0.5, 10.0 ], 
            "faces": {
                "north": { "texture": "#0", "uv": [ 5.0, 1.0, 6.0, 1.5 ] },
                "east": { "texture": "#0", "uv": [ 5.0, 1.0, 6.0, 5.0 ], "rotation": 90 },
                "south": { "texture": "#0", "uv": [ 5.0, 4.0, 6.0, 4.5 ] },
                "west": { "texture": "#0", "uv": [ 5.0, 1.0, 6.0, 5.0 ], "rotation": 270 },
                "up": { "texture": "#0", "uv": [ 5.0, 1.0, 6.0, 5.0 ] },
                "down": { "texture": "#0", "uv": [ 5.0, 1.0, 6.0, 5.0 ] }
            }
        }
    ]
}