{
    "parent": "minecraft:block/robot",
    "textures": {
        "particle": "blocks/robot_texture1",
        "0": "blocks/robot_texture1",
        "1": "blocks/robot_texture5",
        "2": "blocks/robot_animation",
        "3": "blocks/robot_texture3"
    },
    "elements": [
        {
            "name": "Cube",
            "from": [ 5.0, -14.5, 0.0 ], 
            "to": [ 11.0, 0.0, 16.0 ], 
            "faces": {
                "north": { "texture": "#0", "uv": [ 6.0, 0.0, 0.0, 15.0 ] },
                "east": { "texture": "#1", "uv": [ 16.0, 0.0, 0.0, 15.0 ] },
                "south": { "texture": "#0", "uv": [ 6.0, 0.0, 0.0, 15.0 ] },
                "west": { "texture": "#1", "uv": [ 0.0, 0.0, 16.0, 15.0 ] },
                "up": { "texture": "#0", "uv": [ 8.0, 0.0, 14.0, 16.0 ] },
                "down": { "texture": "#0", "uv": [ 14.0, 16.0, 8.0, 0.0 ] }
            }
        },
        {
            "name": "Cube",
            "from": [ 3.5, -15.0, 13.0 ], 
            "to": [ 5.0, -13.0, 15.0 ], 
            "faces": {
                "north": { "texture": "#2", "uv": [ 6.0, 14.0, 7.0, 16.0 ] },
                "east": { "texture": "#2", "uv": [ 6.0, 14.0, 8.0, 16.0 ] },
                "south": { "texture": "#2", "uv": [ 7.0, 14.0, 8.0, 16.0 ] },
                "west": { "texture": "#2", "uv": [ 6.0, 14.0, 8.0, 16.0 ] },
                "up": { "texture": "#2", "uv": [ 6.0, 14.0, 8.0, 15.0 ], "rotation": 270 },
                "down": { "texture": "#2", "uv": [ 6.0, 14.0, 8.0, 16.0 ] }
            }
        },
        {
            "name": "Cube",
            "from": [ 3.5, -15.5, 1.0 ], 
            "to": [ 5.0, -15.0, 15.0 ], 
            "faces": {
                "north": { "texture": "#2", "uv": [ 0.0, 0.0, 1.5, 0.5 ] },
                "east": { "texture": "#2", "uv": [ 15.0, 1.0, 16.0, 15.0 ], "rotation": 270 },
                "south": { "texture": "#2", "uv": [ 0.0, 0.0, 1.5, 0.5 ] },
                "west": { "texture": "#2", "uv": [ 14.0, 1.0, 15.0, 15.0 ], "rotation": 90 },
                "up": { "texture": "#2", "uv": [ 16.0, 1.0, 14.0, 15.0 ], "rotation": 180 },
                "down": { "texture": "#2", "uv": [ 14.0, 1.0, 16.0, 15.0 ] }
            }
        },
        {
            "name": "Cube",
            "from": [ 3.5, -12.0, 6.0 ], 
            "to": [ 5.0, -8.0, 10.0 ], 
            "faces": {
                "north": { "texture": "#2", "uv": [ 10.0, 12.0, 8.0, 16.0 ] },
                "east": { "texture": "#2", "uv": [ 8.0, 12.0, 12.0, 16.0 ] },
                "south": { "texture": "#2", "uv": [ 12.0, 12.0, 10.0, 16.0 ] },
                "west": { "texture": "#2", "uv": [ 8.0, 12.0, 12.0, 16.0 ] },
                "up": { "texture": "#2", "uv": [ 10.0, 12.0, 8.5, 16.0 ] },
                "down": { "texture": "#2", "uv": [ 12.0, 14.0, 8.0, 16.0 ], "rotation": 90 }
            }
        },
        {
            "name": "Cube",
            "from": [ 3.5, -15.5, 15.0 ], 
            "to": [ 5.0, -12.5, 15.5 ], 
            "faces": {
                "north": { "texture": "#2", "uv": [ 16.0, 1.0, 14.0, 4.0 ] },
                "east": { "texture": "#2", "uv": [ 15.0, 1.0, 15.5, 4.0 ] },
                "south": { "texture": "#2", "uv": [ 14.0, 1.0, 16.0, 4.0 ] },
                "west": { "texture": "#2", "uv": [ 14.0, 1.0, 14.5, 4.0 ] },
                "up": { "texture": "#2", "uv": [ 0.0, 0.0, 1.5, 0.5 ] },
                "down": { "texture": "#2", "uv": [ 14.0, 0.0, 16.0, 1.0 ] }
            }
        },
        {
            "name": "Cube",
            "from": [ 3.5, -15.5, 0.5 ], 
            "to": [ 5.0, -12.5, 1.0 ], 
            "faces": {
                "north": { "texture": "#2", "uv": [ 16.0, 3.0, 14.0, 0.0 ] },
                "east": { "texture": "#2", "uv": [ 15.0, 3.0, 15.5, 0.0 ] },
                "south": { "texture": "#2", "uv": [ 14.0, 3.0, 16.0, 0.0 ] },
                "west": { "texture": "#2", "uv": [ 14.0, 3.0, 14.5, 0.0 ] },
                "up": { "texture": "#2", "uv": [ 0.0, 0.0, 1.5, 0.5 ] },
                "down": { "texture": "#2", "uv": [ 14.0, 0.0, 16.0, 1.0 ] }
            }
        },
        {
            "name": "Cube",
            "from": [ 3.5, -8.0, 5.5 ], 
            "to": [ 5.0, -7.5, 10.5 ], 
            "faces": {
                "north": { "texture": "#2", "uv": [ 0.0, 0.0, 1.5, 0.5 ] },
                "east": { "texture": "#2", "uv": [ 0.0, 0.0, 5.0, 0.5 ] },
                "south": { "texture": "#2", "uv": [ 0.0, 0.0, 1.5, 0.5 ] },
                "west": { "texture": "#2", "uv": [ 14.0, 1.0, 15.0, 6.0 ], "rotation": 270 },
                "up": { "texture": "#2", "uv": [ 14.0, 1.0, 16.0, 6.0 ] },
                "down": { "texture": "#2", "uv": [ 16.0, 1.0, 14.0, 6.0 ], "rotation": 180 }
            }
        },
        {
            "name": "Cube",
            "from": [ 3.501, -1.695, 20.73 ], 
            "to": [ 5.002, -1.195, 27.8 ], 
            "rotation": { "origin": [ 8.0, 8.0, 8.0 ], "axis": "x", "angle": 45.0 },
            "faces": {
                "north": { "texture": "#2", "uv": [ 0.0, 0.0, 2.0, 0.5 ] },
                "east": { "texture": "#2", "uv": [ 15.0, 0.0, 16.0, 7.0 ], "rotation": 90 },
                "south": { "texture": "#2", "uv": [ 0.0, 0.0, 1.501, 0.5 ] },
                "west": { "texture": "#2", "uv": [ 14.0, 0.0, 15.0, 7.0 ], "rotation": 270 },
                "up": { "texture": "#2", "uv": [ 14.0, 0.0, 16.0, 7.0 ] },
                "down": { "texture": "#2", "uv": [ 16.0, 0.0, 14.0, 7.0 ], "rotation": 180 }
            }
        },
        {
            "name": "Cube",
            "from": [ 3.501, -1.69, -11.8 ], 
            "to": [ 5.002, -1.19, -4.73 ], 
            "rotation": { "origin": [ 8.0, 8.0, 8.0 ], "axis": "x", "angle": -45.0 },
            "faces": {
                "north": { "texture": "#2", "uv": [ 0.0, 0.0, 1.501, 0.5 ] },
                "east": { "texture": "#2", "uv": [ 0.0, 0.0, 7.07, 0.5 ] },
                "south": { "texture": "#2", "uv": [ 0.0, 0.0, 1.501, 0.5 ] },
                "west": { "texture": "#2", "uv": [ 14.0, 0.0, 15.0, 7.0 ], "rotation": 270 },
                "up": { "texture": "#2", "uv": [ 14.0, 0.0, 16.0, 7.0 ] },
                "down": { "texture": "#2", "uv": [ 16.0, 0.0, 14.0, 7.0 ], "rotation": 180 }
            }
        },
        {
            "name": "Cube",
            "from": [ 3.5, -15.0, 1.0 ], 
            "to": [ 5.0, -13.0, 3.0 ], 
            "faces": {
                "north": { "texture": "#2", "uv": [ 6.0, 14.0, 7.0, 16.0 ] },
                "east": { "texture": "#2", "uv": [ 6.0, 14.0, 8.0, 16.0 ] },
                "south": { "texture": "#2", "uv": [ 7.0, 14.0, 8.0, 16.0 ] },
                "west": { "texture": "#2", "uv": [ 6.0, 14.0, 8.0, 16.0 ] },
                "up": { "texture": "#2", "uv": [ 6.0, 14.0, 8.0, 15.0 ] },
                "down": { "texture": "#2", "uv": [ 6.0, 14.0, 8.0, 16.0 ] }
            }
        },
        {
            "name": "Cube",
            "from": [ 11.0, -12.0, 6.0 ], 
            "to": [ 12.5, -8.0, 10.0 ], 
            "faces": {
                "north": { "texture": "#2", "uv": [ 10.0, 12.0, 8.0, 16.0 ] },
                "east": { "texture": "#2", "uv": [ 8.0, 12.0, 12.0, 16.0 ] },
                "south": { "texture": "#2", "uv": [ 12.0, 12.0, 10.0, 16.0 ] },
                "west": { "texture": "#2", "uv": [ 8.0, 12.0, 12.0, 16.0 ] },
                "up": { "texture": "#2", "uv": [ 10.0, 12.0, 8.5, 16.0 ] },
                "down": { "texture": "#2", "uv": [ 12.0, 14.0, 8.0, 16.0 ], "rotation": 270 }
            }
        },
        {
            "name": "Cube",
            "from": [ 11.0, -1.695, 20.73 ], 
            "to": [ 12.501, -1.195, 27.8 ], 
            "rotation": { "origin": [ 8.0, 8.0, 8.0 ], "axis": "x", "angle": 45.0 },
            "faces": {
                "north": { "texture": "#2", "uv": [ 0.0, 0.0, 2.0, 0.5 ] },
                "east": { "texture": "#2", "uv": [ 15.0, 0.0, 16.0, 7.0 ], "rotation": 90 },
                "south": { "texture": "#2", "uv": [ 0.0, 0.0, 1.501, 0.5 ] },
                "west": { "texture": "#2", "uv": [ 14.0, 0.0, 15.0, 7.0 ] },
                "up": { "texture": "#2", "uv": [ 14.0, 0.0, 16.0, 7.0 ] },
                "down": { "texture": "#2", "uv": [ 16.0, 0.0, 14.0, 7.0 ], "rotation": 180 }
            }
        },
        {
            "name": "Cube",
            "from": [ 11.02, -8.0, 5.5 ], 
            "to": [ 12.52, -7.5, 10.5 ], 
            "faces": {
                "north": { "texture": "#2", "uv": [ 0.0, 0.0, 1.5, 0.5 ] },
                "east": { "texture": "#2", "uv": [ 15.0, 1.0, 16.0, 6.0 ], "rotation": 90 },
                "south": { "texture": "#2", "uv": [ 0.0, 0.0, 1.5, 0.5 ] },
                "west": { "texture": "#2", "uv": [ 14.0, 1.0, 15.0, 6.0 ] },
                "up": { "texture": "#2", "uv": [ 14.0, 1.0, 16.0, 6.0 ] },
                "down": { "texture": "#2", "uv": [ 16.0, 1.0, 14.0, 6.0 ] }
            }
        },
        {
            "name": "Cube",
            "from": [ 11.0, -1.69, -11.8 ], 
            "to": [ 12.501, -1.19, -4.73 ], 
            "rotation": { "origin": [ 8.0, 8.0, 8.0 ], "axis": "x", "angle": -45.0 },
            "faces": {
                "north": { "texture": "#2", "uv": [ 0.0, 0.0, 1.501, 0.5 ] },
                "east": { "texture": "#2", "uv": [ 15.0, 0.0, 16.0, 7.0 ], "rotation": 90 },
                "south": { "texture": "#2", "uv": [ 0.0, 0.0, 1.501, 0.5 ] },
                "west": { "texture": "#2", "uv": [ 14.0, 0.0, 15.0, 7.0 ] },
                "up": { "texture": "#2", "uv": [ 14.0, 0.0, 16.0, 7.0 ] },
                "down": { "texture": "#2", "uv": [ 16.0, 0.0, 14.0, 7.0 ], "rotation": 180 }
            }
        },
        {
            "name": "Cube",
            "from": [ 11.0, -15.0, 13.0 ], 
            "to": [ 12.5, -13.0, 15.0 ], 
            "faces": {
                "north": { "texture": "#2", "uv": [ 6.0, 14.0, 7.0, 16.0 ] },
                "east": { "texture": "#2", "uv": [ 6.0, 14.0, 8.0, 16.0 ] },
                "south": { "texture": "#2", "uv": [ 7.0, 14.0, 8.0, 16.0 ] },
                "west": { "texture": "#2", "uv": [ 6.0, 14.0, 8.0, 16.0 ] },
                "up": { "texture": "#2", "uv": [ 6.0, 14.0, 8.0, 15.0 ] },
                "down": { "texture": "#2", "uv": [ 6.0, 14.0, 8.0, 16.0 ] }
            }
        },
        {
            "name": "Cube",
            "from": [ 11.0, -15.5, 15.0 ], 
            "to": [ 12.5, -12.5, 15.5 ], 
            "faces": {
                "north": { "texture": "#2", "uv": [ 16.0, 1.0, 14.0, 4.0 ] },
                "east": { "texture": "#2", "uv": [ 15.0, 1.0, 15.5, 4.0 ] },
                "south": { "texture": "#2", "uv": [ 14.0, 1.0, 16.0, 4.0 ] },
                "west": { "texture": "#2", "uv": [ 14.0, 1.0, 14.5, 4.0 ] },
                "up": { "texture": "#2", "uv": [ 0.0, 0.0, 1.5, 0.5 ] },
                "down": { "texture": "#2", "uv": [ 14.0, 0.0, 16.0, 1.0 ] }
            }
        },
        {
            "name": "Cube",
            "from": [ 11.0, -15.5, 1.0 ], 
            "to": [ 12.5, -15.0, 15.0 ], 
            "faces": {
                "north": { "texture": "#2", "uv": [ 0.0, 0.0, 1.5, 0.5 ] },
                "east": { "texture": "#2", "uv": [ 15.0, 1.0, 16.0, 15.0 ], "rotation": 270 },
                "south": { "texture": "#2", "uv": [ 0.0, 0.0, 1.5, 0.5 ] },
                "west": { "texture": "#2", "uv": [ 14.0, 1.0, 15.0, 15.0 ], "rotation": 90 },
                "up": { "texture": "#2", "uv": [ 16.0, 1.0, 14.0, 15.0 ], "rotation": 180 },
                "down": { "texture": "#2", "uv": [ 14.0, 1.0, 16.0, 15.0 ] }
            }
        },
        {
            "name": "Cube",
            "from": [ 11.0, -15.0, 1.0 ], 
            "to": [ 12.5, -13.0, 3.0 ], 
            "faces": {
                "north": { "texture": "#2", "uv": [ 6.0, 14.0, 7.0, 16.0 ] },
                "east": { "texture": "#2", "uv": [ 6.0, 14.0, 8.0, 16.0 ] },
                "south": { "texture": "#2", "uv": [ 7.0, 14.0, 8.0, 16.0 ] },
                "west": { "texture": "#2", "uv": [ 6.0, 14.0, 8.0, 16.0 ] },
                "up": { "texture": "#2", "uv": [ 6.0, 14.0, 8.0, 15.0 ] },
                "down": { "texture": "#2", "uv": [ 6.0, 14.0, 8.0, 16.0 ] }
            }
        },
        {
            "name": "Cube",
            "from": [ 11.0, -15.5, 0.5 ], 
            "to": [ 12.5, -12.5, 1.0 ], 
            "faces": {
                "north": { "texture": "#2", "uv": [ 16.0, 3.0, 14.0, 0.0 ] },
                "east": { "texture": "#2", "uv": [ 15.0, 3.0, 15.5, 0.0 ] },
                "south": { "texture": "#2", "uv": [ 14.0, 3.0, 16.0, 0.0 ] },
                "west": { "texture": "#2", "uv": [ 14.0, 3.0, 14.5, 0.0 ] },
                "up": { "texture": "#2", "uv": [ 0.0, 0.0, 1.5, 0.5 ] },
                "down": { "texture": "#2", "uv": [ 14.0, 0.0, 16.0, 1.0 ] }
            }
        },
        {
            "name": "Cube",
            "from": [ 5.0, -9.5, 17.16 ], 
            "to": [ 11.0, 0.5, 18.16 ], 
            "faces": {
                "north": { "texture": "#3", "uv": [ 5.0, 0.0, 11.0, 10.0 ] },
                "east": { "texture": "#3", "uv": [ 5.0, 0.0, 6.0, 10.0 ] },
                "south": { "texture": "#3", "uv": [ 0.0, 0.0, 6.0, 10.0 ] },
                "west": { "texture": "#3", "uv": [ 0.0, 0.0, 1.0, 10.0 ] },
                "up": { "texture": "#3", "uv": [ 0.0, 0.0, 6.0, 1.0 ] },
                "down": { "texture": "#3", "uv": [ 0.0, 9.0, 6.0, 10.0 ] }
            }
        },
        {
            "name": "Cube",
            "from": [ 11.0, -2.0, 7.0 ], 
            "to": [ 16.0, 0.0, 9.0 ], 
            "faces": {
                "north": { "texture": "#0", "uv": [ 6.0, 0.0, 8.0, 5.0 ], "rotation": 270 },
                "east": { "texture": "#0", "uv": [ 6.0, 0.0, 8.0, 2.0 ] },
                "south": { "texture": "#0", "uv": [ 6.0, 0.0, 8.0, 5.0 ], "rotation": 90 },
                "west": { "texture": "#0", "uv": [ 6.0, 4.0, 8.0, 6.0 ] },
                "up": { "texture": "#0", "uv": [ 6.0, 0.0, 8.0, 5.0 ], "rotation": 90 },
                "down": { "texture": "#0", "uv": [ 6.0, 0.0, 8.0, 5.0 ], "rotation": 90 }
            }
        },
        {
            "name": "Cube",
            "from": [ 5.5, -1.4, 14.0 ], 
            "to": [ 10.5, 0.6, 15.5 ], 
            "faces": {
                "north": { "texture": "#0", "uv": [ 6.0, 0.0, 8.0, 5.0 ], "rotation": 90 },
                "east": { "texture": "#0", "uv": [ 6.0, 0.0, 7.5, 2.0 ] },
                "south": { "texture": "#0", "uv": [ 6.0, 0.0, 8.0, 5.0 ], "rotation": 90 },
                "west": { "texture": "#0", "uv": [ 6.0, 4.0, 7.5, 6.0 ] },
                "up": { "texture": "#0", "uv": [ 6.0, 0.0, 8.0, 5.0 ], "rotation": 90 },
                "down": { "texture": "#0", "uv": [ 4.0, 0.0, 9.0, 1.5 ] }
            }
        },
        {
            "name": "Cube",
            "from": [ 7.25, -1.7, 19.5 ], 
            "to": [ 8.75, -0.2, 22.5 ], 
            "rotation": { "origin": [ 8.0, 2.0, 13.0 ], "axis": "x", "angle": 45.0 },
            "faces": {
                "north": { "texture": "#0", "uv": [ 6.0, 0.0, 7.5, 1.5 ] },
                "east": { "texture": "#0", "uv": [ 6.0, 0.0, 8.0, 3.0 ], "rotation": 270 },
                "south": { "texture": "#0", "uv": [ 6.0, 0.0, 7.5, 1.5 ] },
                "west": { "texture": "#0", "uv": [ 6.0, 0.0, 8.0, 3.0 ], "rotation": 90 },
                "up": { "texture": "#0", "uv": [ 6.0, 3.0, 8.0, 0.0 ] },
                "down": { "texture": "#0", "uv": [ 6.0, 0.0, 8.0, 3.0 ] }
            }
        },
        {
            "name": "Cube",
            "from": [ 13.99, -8.0, 7.0 ], 
            "to": [ 15.99, -1.0, 9.0 ], 
            "rotation": { "origin": [ 8.0, -1.0, 8.0 ], "axis": "x", "angle": -45.0 },
            "faces": {
                "north": { "texture": "#0", "uv": [ 6.0, 0.0, 8.0, 7.0 ] },
                "east": { "texture": "#0", "uv": [ 6.0, 0.0, 8.0, 7.0 ] },
                "south": { "texture": "#0", "uv": [ 6.0, 0.0, 8.0, 7.0 ] },
                "west": { "texture": "#0", "uv": [ 6.0, 0.0, 8.0, 7.0 ] },
                "up": { "texture": "#0", "uv": [ 6.0, 0.0, 8.0, 2.0 ] },
                "down": { "texture": "#0", "uv": [ 6.0, 6.0, 8.0, 8.0 ] }
            }
        },
        {
            "name": "Cube",
            "from": [ 0.02, -8.0, 7.0 ], 
            "to": [ 2.02, -1.0, 9.0 ], 
            "rotation": { "origin": [ 8.0, -1.0, 8.0 ], "axis": "x", "angle": -45.0 },
            "faces": {
                "north": { "texture": "#0", "uv": [ 6.0, 0.0, 8.0, 7.0 ] },
                "east": { "texture": "#0", "uv": [ 6.0, 0.0, 8.0, 7.0 ] },
                "south": { "texture": "#0", "uv": [ 6.0, 0.0, 8.0, 7.0 ] },
                "west": { "texture": "#0", "uv": [ 6.0, 0.0, 8.0, 7.0 ] },
                "up": { "texture": "#0", "uv": [ 6.0, 0.0, 8.0, 2.0 ] },
                "down": { "texture": "#0", "uv": [ 6.0, 6.0, 8.0, 8.0 ] }
            }
        },
        {
            "name": "Cube",
            "from": [ 0.0, -2.0, 7.0 ], 
            "to": [ 5.0, 0.0, 9.0 ], 
            "faces": {
                "north": { "texture": "#0", "uv": [ 6.0, 0.0, 8.0, 5.0 ], "rotation": 270 },
                "east": { "texture": "#0", "uv": [ 6.0, 0.0, 8.0, 2.0 ] },
                "south": { "texture": "#0", "uv": [ 6.0, 0.0, 8.0, 5.0 ], "rotation": 90 },
                "west": { "texture": "#0", "uv": [ 6.0, 4.0, 8.0, 6.0 ] },
                "up": { "texture": "#0", "uv": [ 6.0, 0.0, 8.0, 5.0 ], "rotation": 90 },
                "down": { "texture": "#0", "uv": [ 6.0, 0.0, 8.0, 5.0 ], "rotation": 90 }
            }
        },
        {
            "name": "Cube",
            "from": [ 5.5, -1.4, 0.5 ], 
            "to": [ 10.5, 0.6, 2.0 ], 
            "faces": {
                "north": { "texture": "#0", "uv": [ 6.0, 0.0, 8.0, 5.0 ], "rotation": 270 },
                "east": { "texture": "#0", "uv": [ 6.0, 0.0, 7.5, 2.0 ] },
                "south": { "texture": "#0", "uv": [ 6.0, 0.0, 8.0, 5.0 ], "rotation": 90 },
                "west": { "texture": "#0", "uv": [ 6.0, 4.0, 7.5, 6.0 ] },
                "up": { "texture": "#0", "uv": [ 6.0, 0.0, 8.0, 5.0 ], "rotation": 90 },
                "down": { "texture": "#0", "uv": [ 4.0, 0.0, 9.0, 1.5 ] }
            }
        }
    ]
}