{
    "textures": {
        "0": "blocks/space_helm"
    },
    "display": {
		"head": {
		    "rotation": [ 0, 0, 0 ],
            "translation": [ 0, 8, 0],
            "scale":[ 1.9, 1.9, 1.9 ]
		},
        "gui": {
            "rotation": [ 30, 225, 0 ],
            "translation": [ 0, 3.5, 0],
            "scale":[ 1, 1, 1 ]
        },
        "ground": {
            "rotation": [ 0, 0, 0 ],
            "translation": [ 0, 0, 0],
            "scale":[ 0.0, 0.0, 0.0 ]
        }
    },
    "elements": [
        {
            "name": "Cube",
            "from": [ 12.0, 0.0, 4.0 ], 
            "to": [ 4.0, 8.0, 12.0 ], 
            "faces": {
                "north": { "texture": "#0", "uv": [ 4.0, 4.0, 8.0, 8.0 ] },
                "east": { "texture": "#0", "uv": [ 0.0, 4.0, 4.0, 8.0 ] },
                "south": { "texture": "#0", "uv": [ 12.0, 4.0, 16.0, 8.0 ] },
                "west": { "texture": "#0", "uv": [ 8.0, 4.0, 12.0, 8.0 ] },
                "up": { "texture": "#0", "uv": [ 4.0, 0.0, 8.0, 4.0 ] },
                "down": { "texture": "#0", "uv": [ 8.0, 0.0, 12.0, 4.0 ] }
            }
        },
        {
            "name": "Cube",
            "from": [ 6.5, 0.0, 3.0 ], 
            "to": [ 9.5, 3.0, 4.0 ], 
            "faces": {
                "north": { "texture": "#0", "uv": [ 5.0, 8.5, 6.5, 10.0 ] },
                "east": { "texture": "#0", "uv": [ 5.0, 8.5, 5.5, 10.0 ] },
                "west": { "texture": "#0", "uv": [ 6.0, 8.5, 6.5, 10.0 ] },
                "up": { "texture": "#0", "uv": [ 5.0, 8.5, 6.5, 9.0 ], "rotation": 180 },
                "down": { "texture": "#0", "uv": [ 5.0, 9.5, 6.5, 10.0 ] }
            }
        },
        {
            "name": "Cube",
            "from": [ 11.99, 0.0, 3.0 ], 
            "to": [ 12.99, 3.0, 10.0 ], 
            "faces": {
                "north": { "texture": "#0", "uv": [ 8.0, 8.5, 8.5, 10.0 ] },
                "east": { "texture": "#0", "uv": [ 11.5, 8.5, 8.0, 10.0 ] },
                "south": { "texture": "#0", "uv": [ 11.0, 8.5, 11.5, 10.0 ] },
                "west": { "texture": "#0", "uv": [ 8.0, 8.5, 11.5, 10.0 ] },
                "up": { "texture": "#0", "uv": [ 8.0, 8.5, 11.5, 9.0 ], "rotation": 90 },
                "down": { "texture": "#0", "uv": [ 11.5, 9.5, 8.0, 10.0 ], "rotation": 90 }
            }
        },
        {
            "name": "Cube",
            "from": [ 3.0, 0.0, 3.0 ], 
            "to": [ 4.01, 3.0, 10.0 ], 
            "faces": {
                "north": { "texture": "#0", "uv": [ 8.0, 8.5, 8.5, 10.0 ] },
                "east": { "texture": "#0", "uv": [ 11.5, 8.5, 8.0, 10.0 ] },
                "south": { "texture": "#0", "uv": [ 11.0, 8.5, 11.5, 10.0 ] },
                "west": { "texture": "#0", "uv": [ 8.0, 8.5, 11.5, 10.0 ] },
                "up": { "texture": "#0", "uv": [ 8.0, 8.5, 11.5, 9.0 ], "rotation": 90 },
                "down": { "texture": "#0", "uv": [ 11.5, 9.5, 8.0, 10.0 ], "rotation": 90 }
            }
        },
        {
            "name": "Cube",
            "from": [ 9.5, 1.0, 3.5 ], 
            "to": [ 12.0, 2.0, 4.0 ], 
            "faces": {
                "north": { "texture": "#0", "uv": [ 6.5, 9.5, 8.0, 9.0 ] },
                "up": { "texture": "#0", "uv": [ 6.5, 9.5, 8.0, 9.0 ] },
                "down": { "texture": "#0", "uv": [ 6.5, 9.5, 8.0, 9.0 ] }
            }
        },
        {
            "name": "Cube",
            "from": [ 4.0, 1.0, 3.5 ], 
            "to": [ 6.5, 2.0, 4.0 ], 
            "faces": {
                "north": { "texture": "#0", "uv": [ 6.5, 9.5, 8.0, 9.0 ] },
                "up": { "texture": "#0", "uv": [ 6.5, 9.5, 8.0, 9.0 ] },
                "down": { "texture": "#0", "uv": [ 6.5, 9.5, 8.0, 9.0 ] }
            }
        },
        {
            "name": "Cube",
            "from": [ 1.0, 1.0, 8.0 ], 
            "to": [ 3.0, 2.0, 9.0 ], 
            "rotation": { "origin": [ 3.0, 1.0, 8.0 ], "axis": "z", "angle": -22.5 },
            "faces": {
                "north": { "texture": "#0", "uv": [ 8.5, 10.5, 9.0, 11.5 ], "rotation": 90 },
                "south": { "texture": "#0", "uv": [ 8.5, 10.5, 9.0, 11.5 ], "rotation": 270 },
                "west": { "texture": "#0", "uv": [ 8.5, 10.5, 9.0, 11.0 ] },
                "up": { "texture": "#0", "uv": [ 8.5, 10.5, 9.0, 11.5 ], "rotation": 270 },
                "down": { "texture": "#0", "uv": [ 8.5, 10.5, 9.0, 11.5 ], "rotation": 270 }
            }
        },
        {
            "name": "Cube",
            "from": [ 1.0, 1.0, 4.0 ], 
            "to": [ 3.0, 2.0, 5.0 ], 
            "rotation": { "origin": [ 3.0, 1.0, 8.0 ], "axis": "z", "angle": -22.5 },
            "faces": {
                "north": { "texture": "#0", "uv": [ 8.5, 10.5, 9.0, 11.5 ], "rotation": 90 },
                "south": { "texture": "#0", "uv": [ 8.5, 10.5, 9.0, 11.5 ], "rotation": 270 },
                "west": { "texture": "#0", "uv": [ 8.5, 10.5, 9.0, 11.0 ] },
                "up": { "texture": "#0", "uv": [ 8.5, 10.5, 9.0, 11.5 ], "rotation": 270 },
                "down": { "texture": "#0", "uv": [ 8.5, 10.5, 9.0, 11.5 ], "rotation": 270 }
            }
        },
        {
            "name": "Cube",
            "from": [ 1.0, 1.0, 6.0 ], 
            "to": [ 3.0, 2.0, 7.0 ], 
            "rotation": { "origin": [ 3.0, 1.0, 8.0 ], "axis": "z", "angle": -22.5 },
            "faces": {
                "north": { "texture": "#0", "uv": [ 8.5, 10.5, 9.0, 11.5 ], "rotation": 90 },
                "south": { "texture": "#0", "uv": [ 8.5, 10.5, 9.0, 11.5 ], "rotation": 270 },
                "west": { "texture": "#0", "uv": [ 8.5, 10.5, 9.0, 11.0 ] },
                "up": { "texture": "#0", "uv": [ 8.5, 10.5, 9.0, 11.5 ], "rotation": 270 },
                "down": { "texture": "#0", "uv": [ 8.5, 10.5, 9.0, 11.5 ], "rotation": 270 }
            }
        },
        {
            "name": "Cube",
            "from": [ 13.0, 1.0, 8.0 ], 
            "to": [ 15.0, 2.0, 9.0 ], 
            "rotation": { "origin": [ 13.0, 1.0, 8.0 ], "axis": "z", "angle": 22.5 },
            "faces": {
                "north": { "texture": "#0", "uv": [ 8.5, 10.5, 9.0, 11.5 ], "rotation": 270 },
                "east": { "texture": "#0", "uv": [ 8.5, 10.5, 9.0, 11.0 ] },
                "south": { "texture": "#0", "uv": [ 8.5, 10.5, 9.0, 11.5 ], "rotation": 90 },
                "up": { "texture": "#0", "uv": [ 8.5, 10.5, 9.0, 11.5 ], "rotation": 90 },
                "down": { "texture": "#0", "uv": [ 8.5, 10.5, 9.0, 11.5 ], "rotation": 90 }
            }
        },
        {
            "name": "Cube",
            "from": [ 13.0, 1.0, 4.0 ], 
            "to": [ 15.0, 2.0, 5.0 ], 
            "rotation": { "origin": [ 13.0, 1.0, 8.0 ], "axis": "z", "angle": 22.5 },
            "faces": {
                "north": { "texture": "#0", "uv": [ 8.5, 10.5, 9.0, 11.5 ], "rotation": 270 },
                "east": { "texture": "#0", "uv": [ 8.5, 10.5, 9.0, 11.0 ] },
                "south": { "texture": "#0", "uv": [ 8.5, 10.5, 9.0, 11.5 ], "rotation": 90 },
                "up": { "texture": "#0", "uv": [ 8.5, 10.5, 9.0, 11.5 ], "rotation": 90 },
                "down": { "texture": "#0", "uv": [ 8.5, 10.5, 9.0, 11.5 ], "rotation": 90 }
            }
        },
        {
            "name": "Cube",
            "from": [ 13.0, 1.0, 6.0 ], 
            "to": [ 15.0, 2.0, 7.0 ], 
            "rotation": { "origin": [ 13.0, 1.0, 8.0 ], "axis": "z", "angle": 22.5 },
            "faces": {
                "north": { "texture": "#0", "uv": [ 8.5, 10.5, 9.0, 11.5 ], "rotation": 270 },
                "east": { "texture": "#0", "uv": [ 8.5, 10.5, 9.0, 11.0 ] },
                "south": { "texture": "#0", "uv": [ 8.5, 10.5, 9.0, 11.5 ], "rotation": 90 },
                "up": { "texture": "#0", "uv": [ 8.5, 10.5, 9.0, 11.5 ], "rotation": 90 },
                "down": { "texture": "#0", "uv": [ 8.5, 10.5, 9.0, 11.5 ], "rotation": 90 }
            }
        },
        {
            "name": "Cube",
            "from": [ 6.0, 8.0, 4.5 ], 
            "to": [ 10.0, 8.5, 12.5 ], 
            "faces": {
                "north": { "texture": "#0", "uv": [ 14.0, 15.5, 16.0, 16.0 ] },
                "east": { "texture": "#0", "uv": [ 14.0, 12.0, 14.5, 16.0 ], "rotation": 270 },
                "south": { "texture": "#0", "uv": [ 14.0, 12.0, 16.0, 12.5 ], "rotation": 180 },
                "west": { "texture": "#0", "uv": [ 15.5, 12.0, 16.0, 16.0 ], "rotation": 90 },
                "up": { "texture": "#0", "uv": [ 14.0, 12.0, 16.0, 16.0 ], "rotation": 180 }
            }
        },
        {
            "name": "Cube",
            "from": [ 6.0, -0.5, 11.5 ], 
            "to": [ 10.0, 8.0, 12.5 ], 
            "faces": {
                "north": { "texture": "#0", "uv": [ 16.0, 8.0, 14.0, 12.5 ], "rotation": 180 },
                "east": { "texture": "#0", "uv": [ 14.0, 8.0, 14.5, 12.25 ], "rotation": 180 },
                "south": { "texture": "#0", "uv": [ 14.0, 8.0, 16.0, 12.25 ], "rotation": 180 },
                "west": { "texture": "#0", "uv": [ 15.5, 8.0, 16.0, 12.25 ], "rotation": 180 },
                "down": { "texture": "#0", "uv": [ 14.0, 8.0, 16.0, 8.5 ], "rotation": 180 }
            }
        },
        {
            "name": "Cube",
            "from": [ 4.0, 0.0, 4.0 ], 
            "to": [ 12.0, 8.0, 12.0 ], 
            "faces": {
                "north": { "texture": "#0", "uv": [ 4.0, 4.0, 8.0, 8.0 ] },
                "east": { "texture": "#0", "uv": [ 0.0, 4.0, 4.0, 8.0 ] },
                "south": { "texture": "#0", "uv": [ 12.0, 4.0, 16.0, 8.0 ] },
                "west": { "texture": "#0", "uv": [ 8.0, 4.0, 12.0, 8.0 ] },
                "up": { "texture": "#0", "uv": [ 4.0, 0.0, 8.0, 4.0 ] },
                "down": { "texture": "#0", "uv": [ 8.0, 0.0, 12.0, 4.0 ] }
            }
        }
    ]
}