{
    "textures": {
        "particle": "blocks/track_blue_pad",
        "0": "blocks/track_blue_pad",
        "1": "blocks/blue_pad_animation",
		"2": "block/smooth_stone"
    },
    "elements": [
	    {
            "name": "Cube",
            "from": [ 0.0, 0.0, 0.0 ], 
            "to": [ 16.0, 0.0, 16.0 ], 
            "faces": {
                "up": { "texture": "#2", "uv": [ 0.0, 0.0, 16.0, 16.0 ] },
                "down": { "texture": "#2", "uv": [ 0.0, 0.0, 16.0, 16.0 ] }
            }
        },
        {
            "name": "Cube",
            "from": [ 3.0, 0.5, 13.0 ], 
            "to": [ 3.5, 1.0, 16.0 ], 
            "faces": {
                "north": { "texture": "#0", "uv": [ 11.0, 0.0, 11.5, 0.5 ] },
                "east": { "texture": "#0", "uv": [ 11.0, 0.0, 12.0, 3.0 ], "rotation": 90 },
                "south": { "texture": "#0", "uv": [ 11.0, 0.0, 11.5, 0.5 ] },
                "west": { "texture": "#0", "uv": [ 11.0, 0.0, 12.0, 3.0 ], "rotation": 90 },
                "up": { "texture": "#0", "uv": [ 11.0, 0.0, 11.5, 3.0 ] },
                "down": { "texture": "#0", "uv": [ 11.0, 0.0, 11.5, 3.0 ] }
            }
        },
        {
            "name": "Cube",
            "from": [ 3.0, 0.0, 0.0 ], 
            "to": [ 5.0, 0.5, 16.0 ], 
            "faces": {
                "north": { "texture": "#0", "uv": [ 16.0, 0.0, 14.0, 0.5 ] },
                "east": { "texture": "#0", "uv": [ 15.0, 0.0, 16.0, 16.0 ], "rotation": 90 },
                "south": { "texture": "#0", "uv": [ 14.0, 15.0, 16.0, 15.5 ] },
                "west": { "texture": "#0", "uv": [ 11.0, 0.0, 12.0, 16.0 ], "rotation": 90 },
                "up": { "texture": "#0", "uv": [ 14.0, 0.0, 16.0, 16.0 ] },
                "down": { "texture": "#0", "uv": [ 14.0, 0.0, 16.0, 16.0 ] }
            }
        },
        {
            "name": "Cube",
            "from": [ 0.0, 0.0, 3.0 ], 
            "to": [ 3.0, 0.5, 5.0 ], 
            "faces": {
                "north": { "texture": "#0", "uv": [ 11.0, 16.0, 12.0, 13.0 ], "rotation": 90 },
                "east": { "texture": "#0", "uv": [ 14.0, 16.0, 16.0, 15.5 ] },
                "south": { "texture": "#0", "uv": [ 15.0, 13.0, 16.0, 16.0 ], "rotation": 90 },
                "west": { "texture": "#0", "uv": [ 14.0, 15.0, 16.0, 15.5 ] },
                "up": { "texture": "#0", "uv": [ 14.0, 13.0, 16.0, 16.0 ], "rotation": 90 },
                "down": { "texture": "#0", "uv": [ 14.0, 13.0, 16.0, 16.0 ], "rotation": 90 }
            }
        },
        {
            "name": "Cube",
            "from": [ 11.0, 0.0, 0.0 ], 
            "to": [ 13.0, 0.5, 16.0 ], 
            "faces": {
                "north": { "texture": "#0", "uv": [ 16.0, 0.0, 14.0, 0.5 ] },
                "east": { "texture": "#0", "uv": [ 11.0, 0.0, 12.0, 16.0 ], "rotation": 90 },
                "south": { "texture": "#0", "uv": [ 14.0, 15.0, 16.0, 15.5 ] },
                "west": { "texture": "#0", "uv": [ 14.0, 16.0, 15.0, 0.0 ], "rotation": 90 },
                "up": { "texture": "#0", "uv": [ 14.0, 0.0, 16.0, 16.0 ] },
                "down": { "texture": "#0", "uv": [ 14.0, 0.0, 16.0, 16.0 ] }
            }
        },
        {
            "name": "Cube",
            "from": [ 3.0, 0.5, 0.0 ], 
            "to": [ 3.5, 1.0, 3.0 ], 
            "faces": {
                "north": { "texture": "#0", "uv": [ 11.0, 0.0, 11.5, 0.5 ] },
                "east": { "texture": "#0", "uv": [ 11.0, 16.0, 12.0, 13.0 ], "rotation": 90 },
                "south": { "texture": "#0", "uv": [ 11.0, 0.0, 11.5, 0.5 ] },
                "west": { "texture": "#0", "uv": [ 11.0, 13.0, 12.0, 16.0 ], "rotation": 90 },
                "up": { "texture": "#0", "uv": [ 11.0, 16.0, 11.5, 13.0 ] },
                "down": { "texture": "#0", "uv": [ 11.0, 13.0, 11.5, 16.0 ] }
            }
        },
        {
            "name": "Cube",
            "from": [ 12.5, 0.5, 0.0 ], 
            "to": [ 13.0, 1.0, 3.0 ], 
            "faces": {
                "north": { "texture": "#0", "uv": [ 11.0, 0.0, 11.5, 0.5 ] },
                "east": { "texture": "#0", "uv": [ 11.0, 0.0, 12.0, 3.0 ], "rotation": 90 },
                "south": { "texture": "#0", "uv": [ 11.0, 0.0, 11.5, 0.5 ] },
                "west": { "texture": "#0", "uv": [ 11.0, 0.0, 12.0, 3.0 ], "rotation": 90 },
                "up": { "texture": "#0", "uv": [ 11.0, 0.0, 11.5, 3.0 ] },
                "down": { "texture": "#0", "uv": [ 11.0, 0.0, 11.5, 3.0 ] }
            }
        },
        {
            "name": "Cube",
            "from": [ 12.5, 0.5, 13.0 ], 
            "to": [ 13.0, 1.0, 16.0 ], 
            "faces": {
                "north": { "texture": "#0", "uv": [ 11.0, 0.0, 11.5, 0.5 ] },
                "east": { "texture": "#0", "uv": [ 11.0, 13.0, 12.0, 16.0 ], "rotation": 90 },
                "south": { "texture": "#0", "uv": [ 11.0, 0.0, 11.5, 0.5 ] },
                "west": { "texture": "#0", "uv": [ 11.0, 16.0, 12.0, 13.0 ], "rotation": 90 },
                "up": { "texture": "#0", "uv": [ 11.0, 13.0, 11.5, 16.0 ] },
                "down": { "texture": "#0", "uv": [ 11.0, 13.0, 11.5, 16.0 ] }
            }
        },
        {
            "name": "Cube",
            "from": [ 13.0, 0.0, 3.0 ], 
            "to": [ 16.0, 0.5, 5.0 ], 
            "faces": {
                "north": { "texture": "#0", "uv": [ 11.0, 15.0, 12.0, 12.0 ], "rotation": 90 },
                "east": { "texture": "#0", "uv": [ 14.0, 16.0, 16.0, 15.5 ] },
                "south": { "texture": "#0", "uv": [ 15.0, 13.0, 16.0, 16.0 ], "rotation": 90 },
                "west": { "texture": "#0", "uv": [ 14.0, 15.0, 16.0, 15.5 ] },
                "up": { "texture": "#0", "uv": [ 14.0, 13.0, 16.0, 16.0 ], "rotation": 90 },
                "down": { "texture": "#0", "uv": [ 14.0, 13.0, 16.0, 16.0 ], "rotation": 90 }
            }
        },
        {
            "name": "Cube",
            "from": [ 0.0, 0.0, 11.0 ], 
            "to": [ 3.0, 0.5, 13.0 ], 
            "faces": {
                "north": { "texture": "#0", "uv": [ 14.0, 16.0, 15.0, 13.0 ], "rotation": 90 },
                "east": { "texture": "#0", "uv": [ 14.0, 16.0, 16.0, 15.5 ] },
                "south": { "texture": "#0", "uv": [ 11.0, 13.0, 12.0, 16.0 ], "rotation": 90 },
                "west": { "texture": "#0", "uv": [ 14.0, 15.0, 16.0, 15.5 ] },
                "up": { "texture": "#0", "uv": [ 14.0, 13.0, 16.0, 16.0 ], "rotation": 90 },
                "down": { "texture": "#0", "uv": [ 14.0, 13.0, 16.0, 16.0 ], "rotation": 90 }
            }
        },
        {
            "name": "Cube",
            "from": [ 13.0, 0.0, 11.0 ], 
            "to": [ 16.0, 0.5, 13.0 ], 
            "faces": {
                "north": { "texture": "#0", "uv": [ 14.0, 16.0, 15.0, 13.0 ], "rotation": 90 },
                "east": { "texture": "#0", "uv": [ 14.0, 16.0, 16.0, 15.5 ] },
                "south": { "texture": "#0", "uv": [ 11.0, 12.0, 12.0, 15.0 ], "rotation": 90 },
                "west": { "texture": "#0", "uv": [ 14.0, 15.0, 16.0, 15.5 ] },
                "up": { "texture": "#0", "uv": [ 14.0, 13.0, 16.0, 16.0 ], "rotation": 90 },
                "down": { "texture": "#0", "uv": [ 14.0, 13.0, 16.0, 16.0 ], "rotation": 90 }
            }
        },
        {
            "name": "Cube",
            "from": [ 0.0, 0.5, 3.0 ], 
            "to": [ 3.5, 1.0, 3.5 ], 
            "faces": {
                "north": { "texture": "#0", "uv": [ 11.0, 16.0, 11.5, 12.5 ], "rotation": 90 },
                "east": { "texture": "#0", "uv": [ 11.0, 12.0, 11.5, 12.5 ] },
                "south": { "texture": "#0", "uv": [ 11.0, 12.5, 11.5, 16.0 ], "rotation": 90 },
                "west": { "texture": "#0", "uv": [ 11.0, 15.0, 11.5, 15.5 ] },
                "up": { "texture": "#0", "uv": [ 11.0, 12.5, 11.5, 16.0 ], "rotation": 90 },
                "down": { "texture": "#0", "uv": [ 11.0, 12.5, 11.5, 16.0 ], "rotation": 90 }
            }
        },
        {
            "name": "Cube",
            "from": [ 12.5, 0.5, 3.0 ], 
            "to": [ 16.0, 1.0, 3.5 ], 
            "faces": {
                "north": { "texture": "#0", "uv": [ 11.0, 15.5, 11.5, 12.0 ], "rotation": 90 },
                "east": { "texture": "#0", "uv": [ 11.0, 12.0, 11.5, 12.5 ] },
                "south": { "texture": "#0", "uv": [ 11.0, 12.0, 11.5, 15.5 ], "rotation": 90 },
                "west": { "texture": "#0", "uv": [ 11.0, 15.0, 11.5, 15.5 ], "rotation": 90 },
                "up": { "texture": "#0", "uv": [ 11.0, 12.0, 11.5, 15.5 ], "rotation": 90 },
                "down": { "texture": "#0", "uv": [ 11.0, 12.0, 11.5, 15.5 ], "rotation": 90 }
            }
        },
        {
            "name": "Cube",
            "from": [ 12.5, 0.5, 12.5 ], 
            "to": [ 16.0, 1.0, 13.0 ], 
            "faces": {
                "north": { "texture": "#0", "uv": [ 11.0, 15.5, 11.5, 12.0 ], "rotation": 90 },
                "east": { "texture": "#0", "uv": [ 11.0, 12.0, 11.5, 12.5 ] },
                "south": { "texture": "#0", "uv": [ 11.0, 12.0, 11.5, 15.5 ], "rotation": 90 },
                "west": { "texture": "#0", "uv": [ 11.0, 15.0, 11.5, 15.5 ] },
                "up": { "texture": "#0", "uv": [ 11.0, 12.0, 11.5, 15.5 ], "rotation": 90 },
                "down": { "texture": "#0", "uv": [ 11.0, 12.0, 11.5, 15.5 ], "rotation": 90 }
            }
        },
        {
            "name": "Cube",
            "from": [ 0.0, 0.5, 12.5 ], 
            "to": [ 3.5, 1.0, 13.0 ], 
            "faces": {
                "north": { "texture": "#0", "uv": [ 11.0, 16.0, 11.5, 12.5 ], "rotation": 90 },
                "east": { "texture": "#0", "uv": [ 11.0, 12.0, 11.5, 12.5 ] },
                "south": { "texture": "#0", "uv": [ 11.0, 12.5, 11.5, 16.0 ], "rotation": 90 },
                "west": { "texture": "#0", "uv": [ 11.0, 15.0, 11.5, 15.5 ] },
                "up": { "texture": "#0", "uv": [ 11.0, 12.5, 11.5, 16.0 ], "rotation": 90 },
                "down": { "texture": "#0", "uv": [ 11.0, 12.5, 11.5, 16.0 ], "rotation": 90 }
            }
        },
        {
            "name": "Cube",
            "from": [ 12.5, 0.5, 5.0 ], 
            "to": [ 13.0, 1.0, 11.0 ], 
            "faces": {
                "north": { "texture": "#0", "uv": [ 11.0, 5.0, 11.5, 5.5 ] },
                "east": { "texture": "#0", "uv": [ 11.0, 5.0, 12.0, 11.0 ], "rotation": 90 },
                "south": { "texture": "#0", "uv": [ 11.0, 10.0, 11.5, 10.5 ] },
                "west": { "texture": "#0", "uv": [ 11.0, 11.0, 12.0, 5.0 ], "rotation": 90 },
                "up": { "texture": "#0", "uv": [ 11.0, 5.0, 11.5, 11.0 ] },
                "down": { "texture": "#0", "uv": [ 0.0, 0.0, 0.5, 6.0 ] }
            }
        },
        {
            "name": "Cube",
            "from": [ 3.0, 0.5, 5.0 ], 
            "to": [ 3.5, 1.0, 11.0 ], 
            "faces": {
                "north": { "texture": "#0", "uv": [ 11.0, 10.0, 11.5, 10.5 ] },
                "east": { "texture": "#0", "uv": [ 11.0, 11.0, 12.0, 5.0 ], "rotation": 90 },
                "south": { "texture": "#0", "uv": [ 11.0, 5.0, 11.5, 5.5 ] },
                "west": { "texture": "#0", "uv": [ 11.0, 5.0, 12.0, 11.0 ], "rotation": 90 },
                "up": { "texture": "#0", "uv": [ 11.0, 11.0, 11.5, 5.0 ] },
                "down": { "texture": "#0", "uv": [ 0.0, 0.0, 0.5, 6.0 ] }
            }
        },
        {
            "name": "Cube",
            "from": [ 5.0, 0.0, 11.0 ], 
            "to": [ 11.0, 0.5, 13.0 ], 
            "faces": {
                "north": { "texture": "#0", "uv": [ 15.0, 11.0, 16.0, 5.0 ], "rotation": 90 },
                "east": { "texture": "#0", "uv": [ 14.0, 0.0, 16.0, 0.5 ] },
                "south": { "texture": "#0", "uv": [ 11.0, 5.0, 12.0, 11.0 ], "rotation": 90 },
                "west": { "texture": "#0", "uv": [ 14.0, 0.0, 16.0, 0.5 ] },
                "up": { "texture": "#0", "uv": [ 16.0, 5.0, 14.0, 11.0 ], "rotation": 90 },
                "down": { "texture": "#0", "uv": [ 14.0, 5.0, 16.0, 11.0 ], "rotation": 90 }
            }
        },
        {
            "name": "Cube",
            "from": [ 5.0, 0.0, 3.0 ], 
            "to": [ 11.0, 0.5, 5.0 ], 
            "faces": {
                "north": { "texture": "#0", "uv": [ 11.0, 11.0, 12.0, 5.0 ], "rotation": 90 },
                "east": { "texture": "#0", "uv": [ 14.0, 0.0, 16.0, 0.5 ] },
                "south": { "texture": "#0", "uv": [ 14.0, 5.0, 15.0, 11.0 ], "rotation": 90 },
                "west": { "texture": "#0", "uv": [ 14.0, 0.0, 16.0, 0.5 ] },
                "up": { "texture": "#0", "uv": [ 16.0, 5.0, 14.0, 11.0 ], "rotation": 90 },
                "down": { "texture": "#0", "uv": [ 14.0, 5.0, 16.0, 11.0 ], "rotation": 90 }
            }
        },
        {
            "name": "Cube",
            "from": [ 5.0, 0.5, 3.0 ], 
            "to": [ 11.0, 1.0, 3.5 ], 
            "faces": {
                "north": { "texture": "#0", "uv": [ 11.0, 11.0, 12.0, 5.0 ], "rotation": 90 },
                "east": { "texture": "#0", "uv": [ 11.0, 5.0, 11.5, 5.5 ] },
                "south": { "texture": "#0", "uv": [ 11.0, 5.0, 12.0, 11.0 ], "rotation": 90 },
                "west": { "texture": "#0", "uv": [ 11.0, 10.0, 11.5, 10.5 ] },
                "up": { "texture": "#0", "uv": [ 11.0, 5.0, 12.0, 11.0 ], "rotation": 90 },
                "down": { "texture": "#0", "uv": [ 0.0, 0.0, 6.0, 0.5 ] }
            }
        },
        {
            "name": "Cube",
            "from": [ 5.0, 0.5, 12.5 ], 
            "to": [ 11.0, 1.0, 13.0 ], 
            "faces": {
                "north": { "texture": "#0", "uv": [ 11.0, 11.0, 12.0, 5.0 ], "rotation": 90 },
                "east": { "texture": "#0", "uv": [ 11.0, 5.0, 11.5, 5.5 ] },
                "south": { "texture": "#0", "uv": [ 11.0, 5.0, 12.0, 11.0 ], "rotation": 90 },
                "west": { "texture": "#0", "uv": [ 11.0, 10.0, 11.5, 10.5 ] },
                "up": { "texture": "#0", "uv": [ 11.0, 5.0, 12.0, 11.0 ], "rotation": 90 },
                "down": { "texture": "#0", "uv": [ 0.0, 0.0, 6.0, 0.5 ] }
            }
        },
        {
            "name": "Cube",
            "from": [ 5.0, 0.0, 5.0 ], 
            "to": [ 11.0, 1.0, 11.0 ], 
            "faces": {
                "north": { "texture": "#0", "uv": [ 6.0, 0.0, 0.0, 1.0 ] },
                "east": { "texture": "#0", "uv": [ 5.0, 0.0, 6.0, 6.0 ], "rotation": 90 },
                "south": { "texture": "#0", "uv": [ 0.0, 15.0, 6.0, 16.0 ] },
                "west": { "texture": "#0", "uv": [ 0.0, 6.0, 1.0, 0.0 ], "rotation": 90 },
                "up": { "texture": "#0", "uv": [ 0.0, 10.0, 6.0, 16.0 ] },
                "down": { "texture": "#0", "uv": [ 0.0, 16.0, 6.0, 10.0 ] }
            }
        },
        {
            "name": "Cube",
            "from": [ 6.6, 1.01, 6.6 ], 
            "to": [ 9.4, 1.01, 9.4 ], 
            "rotation": { "origin": [ 8.0, 8.0, 8.0 ], "axis": "y", "angle": 45.0 },
            "faces": {
                "up": { "texture": "#1", "uv": [ 13.0, 12.0, 16.0, 15.0 ], "rotation": 90 }
            }
        }
    ]
}