{
	"display": {
        "ground": {
            "rotation": [ 0, 0, 0 ],
            "translation": [ 0, 0, 0],
            "scale":[ 0, 0, 0 ]
        },
        "thirdperson_righthand": {
            "rotation": [ 0, 0, 0 ],
            "translation": [ 0, 0, 0 ],
            "scale": [ 0, 0, 0 ]
        },
        "firstperson_righthand": {
            "rotation": [ 0, 0, 0 ],
            "translation": [ 0, 0, 0],
            "scale": [ 0, 0, 0 ]
        },
		"firstperson_lefthand": {
            "rotation": [ -5, -10, 0 ],
			"translation": [ 0, 8, 0 ],
            "scale": [ 0.9, 0.9, 0.9 ]
        },
		"gui": {
            "rotation": [ 0, 0, 0 ],
            "translation": [ 0, 0, 0],
            "scale":[ 0, 0, 0 ]
        }
    },
    "elements": [
	    {
            "name": "Cube",
            "from": [ 4.5, 2.0, 8.0 ], 
            "to": [ 12.5, 15.0, 8.0 ], 
            "faces": {
                "north": { "texture": "#holo_phone", "uv": [ 3.0, 10.0, 16.0, 2.0 ], "rotation": 270 },
                "south": { "texture": "#holo_phone", "uv": [ 3.0, 2.0, 16.0, 10.0 ], "rotation": 270 }
            }
        },
        {
            "name": "Cube",
            "from": [ 3.0, 15.0, 7.0 ], 
            "to": [ 10.0, 16.0, 9.0 ], 
            "faces": {
                "north": { "texture": "#holo_phone", "uv": [ 0.0, 0.0, 7.0, 1.0 ] },
                "east": { "texture": "#holo_phone", "uv": [ 8.0, 1.0, 10.0, 2.0 ] },
                "south": { "texture": "#holo_phone", "uv": [ 8.0, 1.0, 15.0, 2.0 ] },
                "west": { "texture": "#holo_phone", "uv": [ 14.0, 0.0, 16.0, 1.0 ] },
                "up": { "texture": "#holo_phone", "uv": [ 7.0, 0.0, 14.0, 2.0 ] },
                "down": { "texture": "#holo_phone", "uv": [ 4.0, 0.0, 11.0, 2.0 ] }
            }
        },
        {
            "name": "Cube",
            "from": [ 10.0, 2.0, 7.0 ], 
            "to": [ 13.0, 3.0, 9.0 ], 
            "faces": {
                "north": { "texture": "#holo_phone", "uv": [ 0.0, 0.0, 3.0, 1.0 ] },
                "east": { "texture": "#holo_phone", "uv": [ 0.0, 0.0, 2.0, 1.0 ] },
                "south": { "texture": "#holo_phone", "uv": [ 0.0, 0.0, 3.0, 1.0 ] },
                "west": { "texture": "#holo_phone", "uv": [ 5.0, 0.0, 6.0, 2.0 ], "rotation": 90 },
                "up": { "texture": "#holo_phone", "uv": [ 10.0, 2.0, 7.0, 0.0 ] },
                "down": { "texture": "#holo_phone", "uv": [ 0.0, 0.0, 3.0, 2.0 ] }
            }
        },
        {
            "name": "Cube",
            "from": [ 3.0, 2.0, 7.0 ], 
            "to": [ 6.0, 3.0, 9.0 ], 
            "faces": {
                "north": { "texture": "#holo_phone", "uv": [ 0.0, 13.0, 3.0, 14.0 ] },
                "east": { "texture": "#holo_phone", "uv": [ 11.0, 1.0, 13.0, 2.0 ] },
                "south": { "texture": "#holo_phone", "uv": [ 0.0, 13.0, 3.0, 14.0 ] },
                "west": { "texture": "#holo_phone", "uv": [ 0.0, 6.0, 2.0, 7.0 ] },
                "up": { "texture": "#holo_phone", "uv": [ 13.0, 2.0, 16.0, 0.0 ] },
                "down": { "texture": "#holo_phone", "uv": [ 7.0, 0.0, 10.0, 2.0 ] }
            }
        },
        {
            "name": "Cube",
            "from": [ 3.5, 3.0, 7.5 ], 
            "to": [ 4.5, 15.0, 8.5 ], 
            "faces": {
                "north": { "texture": "#holo_phone", "uv": [ 0.0, 1.0, 1.0, 13.0 ] },
                "east": { "texture": "#holo_phone", "uv": [ 0.0, 1.0, 1.0, 13.0 ] },
                "south": { "texture": "#holo_phone", "uv": [ 0.0, 1.0, 1.0, 13.0 ] },
                "west": { "texture": "#holo_phone", "uv": [ 0.0, 1.0, 1.0, 13.0 ] },
                "up": { "texture": "#holo_phone", "uv": [ 0.0, 0.0, 1.0, 1.0 ] },
                "down": { "texture": "#holo_phone", "uv": [ 0.0, 0.0, 1.0, 1.0 ] }
            }
        },
        {
            "name": "Cube",
            "from": [ 3.0, 7.0, 7.0 ], 
            "to": [ 5.0, 10.0, 9.0 ], 
            "faces": {
                "north": { "texture": "#holo_phone", "uv": [ 0.0, 6.0, 2.0, 9.0 ] },
                "east": { "texture": "#holo_phone", "uv": [ 2.0, 6.0, 0.0, 9.0 ] },
                "south": { "texture": "#holo_phone", "uv": [ 0.0, 6.0, 2.0, 9.0 ] },
                "west": { "texture": "#holo_phone", "uv": [ 2.0, 6.0, 0.0, 9.0 ] },
                "up": { "texture": "#holo_phone", "uv": [ 10.0, 0.0, 12.0, 2.0 ], "rotation": 270 },
                "down": { "texture": "#holo_phone", "uv": [ 8.0, 0.0, 10.0, 2.0 ], "rotation": 180 }
            }
        },
        {
            "name": "Cube",
            "from": [ 6.0, 14.0, 7.0 ], 
            "to": [ 10.0, 15.0, 9.0 ], 
            "faces": {
                "north": { "texture": "#holo_phone", "uv": [ 5.0, 0.0, 9.0, 1.0 ] },
                "east": { "texture": "#holo_phone", "uv": [ 6.0, 0.0, 7.0, 2.0 ], "rotation": 270 },
                "south": { "texture": "#holo_phone", "uv": [ 8.0, 0.0, 12.0, 1.0 ] },
                "west": { "texture": "#holo_phone", "uv": [ 9.0, 0.0, 10.0, 2.0 ], "rotation": 90 },
                "up": { "texture": "#holo_phone", "uv": [ 9.0, 0.0, 13.0, 2.0 ] },
                "down": { "texture": "#holo_phone", "uv": [ 6.0, 0.0, 10.0, 2.0 ] }
            }
        },
        {
            "name": "Cube",
            "from": [ 3.0, 0.0, 7.0 ], 
            "to": [ 13.0, 2.0, 9.0 ], 
            "faces": {
                "north": { "texture": "#holo_phone", "uv": [ 6.0, 0.0, 16.0, 2.0 ] },
                "east": { "texture": "#holo_phone", "uv": [ 0.0, 7.0, 2.0, 9.0 ] },
                "south": { "texture": "#holo_phone", "uv": [ 0.0, 14.0, 10.0, 16.0 ] },
                "west": { "texture": "#holo_phone", "uv": [ 0.0, 7.0, 2.0, 9.0 ] },
                "up": { "texture": "#holo_phone", "uv": [ 5.0, 2.0, 15.0, 0.0 ] },
                "down": { "texture": "#holo_phone", "uv": [ 6.0, 0.0, 16.0, 2.0 ] }
            }
        }
    ]
}