{
  "parent": "minecraft:item/handheld_rod",
  "textures": {
    "layer0": "minecraft:item/carrot_on_a_stick"
  },
  
  "overrides": 
  [
	{
		"predicate": {"custom_model_data":1}, 
		"model": "item/stop"
	},
	{
		"predicate": {"custom_model_data":2}, 
		"model": "item/start"
	},
	{
		"predicate": {"custom_model_data":3}, 
		"model": "item/reset"
	},
	{
		"predicate": {"custom_model_data":4}, 
		"model": "item/fast_forward"
	},
	{
		"predicate": {"custom_model_data":5}, 
		"model": "item/cancel"
	}
  ]
}