{
  "parent": "minecraft:item/generated",
  "textures": 
  {
    "layer0": "minecraft:item/poisonous_potato"
  },
  
  "overrides": 
  [
	{
	"predicate": {"custom_model_data":1}, 
	"model": "block/robot_sad"
	},
	{
	"predicate": {"custom_model_data":2}, 
	"model": "block/robot_happy"
	},
	{
	"predicate": {"custom_model_data":3}, 
	"model": "block/robot_crashed"
	},
	{
	"predicate": {"custom_model_data":4}, 
	"model": "block/robot_deactivated"
	},
	{
	"predicate": {"custom_model_data":5}, 
	"model": "block/robot_hologram"
	},
	{
	"predicate": {"custom_model_data":6}, 
	"model": "block/projector"
	},
	{
	"predicate": {"custom_model_data":7}, 
	"model": "block/projector_hint"
	},
	{
	"predicate": {"custom_model_data":8}, 
	"model": "block/projector_off"
	},
	{
	"predicate": {"custom_model_data":9}, 
	"model": "block/playing_cards"
	},
	{
	"predicate": {"custom_model_data":10}, 
	"model": "block/elevator_door"
	},
	{
	"predicate": {"custom_model_data":11}, 
	"model": "block/hibernation_pod"
	},
	{
	"predicate": {"custom_model_data":12}, 
	"model": "block/pc1"
	},
	{
	"predicate": {"custom_model_data":13}, 
	"model": "block/pc2"
	},
	{
	"predicate": {"custom_model_data":14}, 
	"model": "block/pc3"
	},
	{
	"predicate": {"custom_model_data":15}, 
	"model": "block/pc4"
	},
	{
	"predicate": {"custom_model_data":16}, 
	"model": "block/pc5"
	},
	{
	"predicate": {"custom_model_data":17}, 
	"model": "block/chess_game1"
	},
	{
	"predicate": {"custom_model_data":18}, 
	"model": "block/chess_game2"
	},
	{
	"predicate": {"custom_model_data":19}, 
	"model": "block/chess_game3"
	},
	{
	"predicate": {"custom_model_data":20}, 
	"model": "block/yellow_cup"
	},
	{
	"predicate": {"custom_model_data":21}, 
	"model": "block/red_cup"
	},
	{
	"predicate": {"custom_model_data":22}, 
	"model": "block/purple_cup"
	},
	{
	"predicate": {"custom_model_data":23}, 
	"model": "block/orange_cup"
	},
	{
	"predicate": {"custom_model_data":24}, 
	"model": "block/blue_cup"
	},
	{
	"predicate": {"custom_model_data":25}, 
	"model": "npc/arm_yellow_cup"
	},
	{
	"predicate": {"custom_model_data":26}, 
	"model": "npc/arm_red_cup"
	},
	{
	"predicate": {"custom_model_data":27}, 
	"model": "npc/arm_purple_cup"
	},
	{
	"predicate": {"custom_model_data":28}, 
	"model": "npc/arm_orange_cup"
	},
	{
	"predicate": {"custom_model_data":29}, 
	"model": "npc/arm_blue_cup"
	},
	{
	"predicate": {"custom_model_data":30}, 
	"model": "npc/arm_forward"
	},
	{
	"predicate": {"custom_model_data":31}, 
	"model": "npc/arm_down"
	},
	{
	"predicate": {"custom_model_data":32}, 
	"model": "npc/arm_welder"
	},
	{
	"predicate": {"custom_model_data":33}, 
	"model": "npc/arm_cards1"
	},
	{
	"predicate": {"custom_model_data":34}, 
	"model": "npc/arm_cards2"
	},
	{
	"predicate": {"custom_model_data":35}, 
	"model": "npc/arm_cards3"
	},
	{
	"predicate": {"custom_model_data":36}, 
	"model": "npc/arm_cards4"
	},
		{
	"predicate": {"custom_model_data":37}, 
	"model": "block/holographic_meatloaf"
	},
		{
	"predicate": {"custom_model_data":38}, 
	"model": "block/meatloaf"
	},
	{
	"predicate": {"custom_model_data":40}, 
	"model": "npc/dr_watney"
	},
	{
	"predicate": {"custom_model_data":41}, 
	"model": "npc/npc1"
	},
	{
	"predicate": {"custom_model_data":42}, 
	"model": "npc/npc2"
	},
	{
	"predicate": {"custom_model_data":43}, 
	"model": "npc/npc3"
	},
	{
	"predicate": {"custom_model_data":44}, 
	"model": "npc/npc4"
	},
	{
	"predicate": {"custom_model_data":45}, 
	"model": "npc/npc5"
	},
	{
	"predicate": {"custom_model_data":46}, 
	"model": "npc/npc6"
	},
	{
	"predicate": {"custom_model_data":47}, 
	"model": "npc/npc7"
	},
	{
	"predicate": {"custom_model_data":48}, 
	"model": "npc/npc8"
	},
	{
	"predicate": {"custom_model_data":51}, 
	"model": "npc/welder_npc1"
	},
	{
	"predicate": {"custom_model_data":52}, 
	"model": "npc/welder_npc2"
	},
	{
	"predicate": {"custom_model_data":53}, 
	"model": "npc/welder_npc3"
	},
	{
	"predicate": {"custom_model_data":54}, 
	"model": "npc/welder_npc4"
	},
	{
	"predicate": {"custom_model_data":55}, 
	"model": "npc/welder_npc5"
	},
	{
	"predicate": {"custom_model_data":60}, 
	"model": "hologram/holo_phone_watney"
	},
	{
	"predicate": {"custom_model_data":61}, 
	"model": "hologram/holo_phone_calling"
	},
	{
	"predicate": {"custom_model_data":62}, 
	"model": "hologram/holo_phone_hang_up"
	},
	{
	"predicate": {"custom_model_data":63}, 
	"model": "hologram/holo_phone_empty"
	},
	{
	  "predicate": {"custom_model_data":65}, 
	  "model": "effect/hibernation_effect1"
	},
	{
	  "predicate": {"custom_model_data":66}, 
	  "model": "effect/hibernation_effect2"
	},
	{
	  "predicate": {"custom_model_data":67}, 
	  "model": "effect/hibernation_effect3"
	},
	{
	  "predicate": {"custom_model_data":68}, 
	  "model": "effect/hibernation_effect4"
	},
	{
	  "predicate": {"custom_model_data":69}, 
	  "model": "effect/hibernation_effect5"
	},
	{
	  "predicate": {"custom_model_data":70}, 
	  "model": "effect/hibernation_effect6"
	},
	{
	  "predicate": {"custom_model_data":71}, 
	  "model": "effect/hibernation_effect7"
	},
	{
	  "predicate": {"custom_model_data":72}, 
	  "model": "effect/hibernation_effect8"
	},
	{
	  "predicate": {"custom_model_data":73}, 
	  "model": "effect/hibernation_effect9"
	},
	{
	  "predicate": {"custom_model_data":74}, 
	  "model": "effect/hibernation_effect10"
	},
	{
	  "predicate": {"custom_model_data":80}, 
	  "model": "block/good_fuse"
	},
	{
	  "predicate": {"custom_model_data":81}, 
	  "model": "block/bad_fuse"
	},
	{
	  "predicate": {"custom_model_data":82}, 
	  "model": "block/fuse_holder"
	},
	{
	  "predicate": {"custom_model_data":90}, 
	  "model": "block/cauldron_empty"
	},
	{
	  "predicate": {"custom_model_data":91}, 
	  "model": "block/cauldron_yellow"
	},
	{
	  "predicate": {"custom_model_data":92}, 
	  "model": "block/cauldron_red"
	},
	{
	  "predicate": {"custom_model_data":93}, 
	  "model": "block/cauldron_purple"
	},
	{
	  "predicate": {"custom_model_data":94}, 
	  "model": "block/cauldron_orange"
	},
	{
	  "predicate": {"custom_model_data":95}, 
	  "model": "block/cauldron_blue"
	},
	{
	  "predicate": {"custom_model_data":96}, 
	  "model": "block/cauldron_black"
	},
	{
	  "predicate": {"custom_model_data":99},
	  "model": "block/air"
	},
	{
	  "predicate": {"custom_model_data":100},
	  "model": "credits/slide1"
	},
	{
	  "predicate": {"custom_model_data":101},
	  "model": "credits/slide2"
	},
	{
	  "predicate": {"custom_model_data":102},
	  "model": "credits/slide3"
	},
	{
	  "predicate": {"custom_model_data":103},
	  "model": "credits/slide4"
	},
	{
	  "predicate": {"custom_model_data":104},
	  "model": "credits/slide5"
	},
	{
	  "predicate": {"custom_model_data":105},
	  "model": "credits/slide6"
	},
	{
	  "predicate": {"custom_model_data":106},
	  "model": "credits/slide7"
	},
	{
	  "predicate": {"custom_model_data":107},
	  "model": "credits/slide8"
	},
	{
	  "predicate": {"custom_model_data":108},
	  "model": "credits/slide9"
	}
  ]
}