{
  "parent": "minecraft:item/generated",
  "textures": {
    "layer0": "minecraft:block/white_stained_glass"
  },
  
  "overrides": 
  [
	{
	  "predicate": {"custom_model_data":1}, 
	  "model": "block/force_field_generator"
	},
	{
	  "predicate": {"custom_model_data":2}, 
	  "model": "block/hibernation_door"
	},
	{
	  "predicate": {"custom_model_data":3}, 
	  "model": "hologram/scanner"
	},
	{
	  "predicate": {"custom_model_data":4}, 
	  "model": "hologram/tater"
	},
	{
	  "predicate": {"custom_model_data":5}, 
	  "model": "block/force_field_crafter"
	},
	{
	  "predicate": {"custom_model_data":15}, 
	  "model": "block/alarm_light_off"
	},
	{
	  "predicate": {"custom_model_data":16}, 
	  "model": "block/alarm_light_on"
	},
	{
	  "predicate": {"custom_model_data":20}, 
	  "model": "hologram/red_sand_up"
	},
	{
	  "predicate": {"custom_model_data":21}, 
	  "model": "hologram/red_sand_down"
	},
	{
	  "predicate": {"custom_model_data":22}, 
	  "model": "hologram/basalt_up"
	},
	{
	  "predicate": {"custom_model_data":23}, 
	  "model": "hologram/basalt_down"
	},
	{
	  "predicate": {"custom_model_data":24}, 
	  "model": "hologram/ice_up"
	},
	{
	  "predicate": {"custom_model_data":25}, 
	  "model": "hologram/ice_down"
	},
	{
	  "predicate": {"custom_model_data":26}, 
	  "model": "hologram/magma_block_up"
	},
	{
	  "predicate": {"custom_model_data":27}, 
	  "model": "hologram/magma_block_down"
	},
	{
	  "predicate": {"custom_model_data":28}, 
	  "model": "hologram/ancient_debris_up"
	},
	{
	  "predicate": {"custom_model_data":29}, 
	  "model": "hologram/ancient_debris_down"
	},
	{
	  "predicate": {"custom_model_data":30}, 
	  "model": "hologram/tnt_up"
	},
	{
	  "predicate": {"custom_model_data":31}, 
	  "model": "hologram/tnt_down"
	},
	{
	  "predicate": {"custom_model_data":32}, 
	  "model": "hologram/iron_block_up"
	},
	{
	  "predicate": {"custom_model_data":33}, 
	  "model": "hologram/netherite_block_up"
	},
	{
	  "predicate": {"custom_model_data":34}, 
	  "model": "hologram/orange_stained_glass_up"
	},
	{
	  "predicate": {"custom_model_data":35}, 
	  "model": "hologram/cobblestone_up"
	},
	{
	  "predicate": {"custom_model_data":36}, 
	  "model": "hologram/smooth_stone_up"
	},
	{
	  "predicate": {"custom_model_data":37}, 
	  "model": "hologram/cobblestone_down"
	},
	{
	  "predicate": {"custom_model_data":40}, 
	  "model": "hologram/hologram_yellow_cup"
	},
	{
	  "predicate": {"custom_model_data":41}, 
	  "model": "hologram/hologram_red_cup"
	},
	{
	  "predicate": {"custom_model_data":42}, 
	  "model": "hologram/hologram_purple_cup"
	},
	{
	  "predicate": {"custom_model_data":43}, 
	  "model": "hologram/hologram_orange_cup"
	},
	{
	  "predicate": {"custom_model_data":44}, 
	  "model": "hologram/hologram_blue_cup"
	},
	{
	  "predicate": {"custom_model_data":45}, 
	  "model": "hologram/hologram_poster1"
	},
	{
	  "predicate": {"custom_model_data":46}, 
	  "model": "hologram/hologram_poster2"
	},
	{
	  "predicate": {"custom_model_data":47}, 
	  "model": "hologram/hologram_poster3"
	},
	{
	  "predicate": {"custom_model_data":48}, 
	  "model": "hologram/hologram_poster4"
	},
	{
	  "predicate": {"custom_model_data":50}, 
	  "model": "hologram/vehicle_workchop"
	},
	{
	  "predicate": {"custom_model_data":51}, 
	  "model": "hologram/sleeping_quarters"
	},
	{
	  "predicate": {"custom_model_data":52}, 
	  "model": "hologram/security_office"
	},
	{
	  "predicate": {"custom_model_data":53}, 
	  "model": "hologram/science_lab"
	},
	{
	  "predicate": {"custom_model_data":54}, 
	  "model": "hologram/research_office"
	},
	{
	  "predicate": {"custom_model_data":55}, 
	  "model": "hologram/reactor_core"
	},
	{
	  "predicate": {"custom_model_data":56}, 
	  "model": "hologram/main_hallway"
	},
	{
	  "predicate": {"custom_model_data":57}, 
	  "model": "hologram/karaoke_bar"
	},
	{
	  "predicate": {"custom_model_data":58}, 
	  "model": "hologram/hibernation_chambers"
	},
	{
	  "predicate": {"custom_model_data":59}, 
	  "model": "hologram/canteen_kitchen"
	},
	{
	  "predicate": {"custom_model_data":60}, 
	  "model": "hologram/freight_elevator"
	},
	{
	  "predicate": {"custom_model_data":70}, 
	  "model": "hologram/exit"
	},
	{
	  "predicate": {"custom_model_data":71}, 
	  "model": "hologram/no_entry"
	},
	{
	  "predicate": {"custom_model_data":72}, 
	  "model": "hologram/no_power"
	},
	{
	  "predicate": {"custom_model_data":73}, 
	  "model": "hologram/hologram_helmet"
	},
	{
	  "predicate": {"custom_model_data":75}, 
	  "model": "hologram/warning1x2"
	},
	{
	  "predicate": {"custom_model_data":76}, 
	  "model": "hologram/warning2x1"
	},
	{
	  "predicate": {"custom_model_data":77}, 
	  "model": "hologram/warning2x2"
	},
	{
	  "predicate": {"custom_model_data":78}, 
	  "model": "hologram/arrow"
	},
	{
	  "predicate": {"custom_model_data":80}, 
	  "model": "hologram/tip1"
	},
	{
	  "predicate": {"custom_model_data":81}, 
	  "model": "hologram/tip2"
	},
	{
	  "predicate": {"custom_model_data":82}, 
	  "model": "hologram/tip3"
	},
	{
	  "predicate": {"custom_model_data":83}, 
	  "model": "hologram/tip4"
	},
	{
	  "predicate": {"custom_model_data":84}, 
	  "model": "hologram/tip5"
	},
	{
	  "predicate": {"custom_model_data":85}, 
	  "model": "hologram/cobblestone_tip"
	},
	{
	  "predicate": {"custom_model_data":86}, 
	  "model": "hologram/iron_block_tip"
	},
	{
	  "predicate": {"custom_model_data":87}, 
	  "model": "hologram/netherite_block_tip"
	},
	{
	  "predicate": {"custom_model_data":88}, 
	  "model": "hologram/orange_stained_glass_tip"
	},
	{
	  "predicate": {"custom_model_data":89}, 
	  "model": "hologram/smooth_stone_tip"
	},
	{
	  "predicate": {"custom_model_data":90}, 
	  "model": "hologram/purple_tip"
	},
	{
	  "predicate": {"custom_model_data":91}, 
	  "model": "hologram/orange_tip"
	},
	{
	  "predicate": {"custom_model_data":92}, 
	  "model": "hologram/black_tip1"
	},
	{
	  "predicate": {"custom_model_data":93}, 
	  "model": "hologram/black_tip2"
	},
	{
	  "predicate": {"custom_model_data":100}, 
	  "model": "hologram/yellow_up"
	},
	{
	  "predicate": {"custom_model_data":101}, 
	  "model": "hologram/yellow_down"
	},
	{
	  "predicate": {"custom_model_data":102}, 
	  "model": "hologram/red_up"
	},
	{
	  "predicate": {"custom_model_data":103}, 
	  "model": "hologram/red_down"
	},
	{
	  "predicate": {"custom_model_data":104}, 
	  "model": "hologram/purple_up"
	},
	{
	  "predicate": {"custom_model_data":105}, 
	  "model": "hologram/purple_down"
	},
	{
	  "predicate": {"custom_model_data":106}, 
	  "model": "hologram/orange_up"
	},
	{
	  "predicate": {"custom_model_data":107}, 
	  "model": "hologram/orange_down"
	},
	{
	  "predicate": {"custom_model_data":108}, 
	  "model": "hologram/blue_up"
	},
	{
	  "predicate": {"custom_model_data":109}, 
	  "model": "hologram/blue_down"
	},
	{
	  "predicate": {"custom_model_data":110}, 
	  "model": "hologram/black_up"
	},
	{
	  "predicate": {"custom_model_data":111}, 
	  "model": "hologram/black_down"
	},
	{
	  "predicate": {"custom_model_data":112}, 
	  "model": "hologram/cauldron_down"
	}
  ]
}