{
  "ambience.canteen": {
    "sounds": [
      "custom/ambience/canteen" ]
  },
  
  "ambience.canteen_fadeout": {
    "sounds": [
      "custom/ambience/canteen_fadeout" ]
  },

  "ambience.karaoke": {
    "sounds": [
      "custom/ambience/karaoke" ]
  },
  
  "ambience.karaoke_fadeout": {
    "sounds": [
      "custom/ambience/karaoke_fadeout" ]
  },

  "ambience.office": {
    "sounds": [
      "custom/ambience/office" ]
  },

  "ambience.workshop": {
    "sounds": [
      "custom/ambience/workshop" ]
  },

  "ambience.workshop_fadeout": {
    "sounds": [
      "custom/ambience/workshop_fadeout" ]
  },

  "scientist.cough": {
    "sounds": [
        {
            "name": "custom/scientist/cough0",
            "weight": 6
        },
  {
            "name": "custom/scientist/cough1",
            "weight": 1
        },
  {
            "name": "custom/scientist/cough2",
            "weight": 1
        },
  {
            "name": "custom/scientist/cough3",
            "weight": 1
        },
  {
            "name": "custom/scientist/cough4",
            "weight": 1
        }
]
  },

  "fx.weld": {
    "sounds": [
        {
            "name": "custom/fx/weld0",
            "weight": 1
        },
  {
            "name": "custom/fx/weld1",
            "weight": 1
        },
  {
            "name": "custom/fx/weld2",
            "weight": 1
        },
  {
            "name": "custom/fx/weld3",
            "weight": 1
        },
  {
            "name": "custom/fx/weld4",
            "weight": 1
        }
]
  },

  "fx.light": {
    "sounds": [
        {
            "name": "custom/fx/light0",
            "weight": 1
        },
  {
            "name": "custom/fx/light1",
            "weight": 1
        },
  {
            "name": "custom/fx/light2",
            "weight": 1
        }
]
  },

  "fx.comms.yes": {
    "sounds": [
        {
            "name": "custom/fx/comms0",
            "weight": 1
        },
  {
            "name": "custom/fx/comms1",
            "weight": 1
        },
  {
            "name": "custom/fx/comms2",
            "weight": 1
        }
]
  },

  "fx.comms.no": {
    "sounds": [
        {
            "name": "custom/fx/comms3",
            "weight": 1
        },
  {
            "name": "custom/fx/comms4",
            "weight": 1
        },
  {
            "name": "custom/fx/comms5",
            "weight": 1
        }
]
  },

  "fx.comms.incoming": {
    "sounds": [
      "custom/fx/incoming" ]
  },

  "fx.elevator": {
    "sounds": [
      "custom/fx/elevator" ]
  },

  "fx.elevator.fadein": {
    "sounds": [
      "custom/fx/elevator_fadein" ]
  },

  "fx.elevator.fadeout": {
    "sounds": [
      "custom/fx/elevator_fadeout" ]
  },

  "fx.elevator.crash": {
    "sounds": [
      "custom/fx/elevator_crash" ]
  },

  "fx.elevator.fall": {
    "sounds": [
      "custom/fx/elevator_fall" ]
  },

  "fx.elevator.rumble": {
    "sounds": [
      "custom/fx/elevator_rumble" ]
  },

  "fx.elevator.cable.1": {
    "sounds": [
      "custom/fx/cable_snap_1" ]
  },

  "fx.elevator.cable.2": {
    "sounds": [
      "custom/fx/cable_snap_2" ]
  },

  "fx.airlock.inside": {
    "sounds": [
      "custom/fx/airlock_inside" ]
  },

  "fx.airlock.outside": {
    "sounds": [
      "custom/fx/airlock_outside" ]
  },

  "fx.sprinkler": {
    "sounds": [
      "custom/fx/sprinkler" ]
  },

  "fx.boing": {
    "sounds": [
      "custom/fx/boing" ]
  },

  "fx.helmet.on": {
    "sounds": [
      "custom/fx/helmet_on" ]
  },

  "fx.helmet.off": {
    "sounds": [
      "custom/fx/helmet_off" ]
  },

  "fx.door": {
    "sounds": [
      "custom/fx/door" ]
  },

  "music.restarting_the_system": {
	"sounds": [
      {
        "name": "custom/music/restarting_the_system",
        "stream": true
      }
    ]
  },

  "music.all_systems_full_power": {
	"sounds": [
      {
        "name": "custom/music/all_systems_full_power",
        "stream": true
      }
    ]
  },

  "music.calm_facility_tour": {
    "sounds": [
        {
          "name": "custom/music/calm_facility_tour",
          "stream": true
        }
      ]
    },

  "music.electric_eruption": {
    "sounds": [
        {
          "name": "custom/music/electric_eruption",
          "stream": true
        }
      ]
    },

  "music.in_dn_tuun": {
    "sounds": [
        {
          "name": "custom/music/in_dn_tuun",
          "stream": true
        }
      ]
    },

  "music.ambitious_machinery": {
    "sounds": [
        {
          "name": "custom/music/ambitious_machinery",
          "stream": true
        }
      ]
    },

  "music.lower_than_low": {
    "sounds": [
        {
          "name": "custom/music/lower_than_low",
          "stream": true
        }
      ]
    },

  "music.lower_than_low_credits": {
    "sounds": [
        {
          "name": "custom/music/lower_than_low_credits",
          "stream": true
        }
      ]
    },

  "music.restarting_the_system_fadeout": {
    "sounds": [
      "custom/music/restarting_the_system_fadeout" ]
  },

  "music.all_systems_full_power_fadeout": {
    "sounds": [
      "custom/music/all_systems_full_power_fadeout" ]
  },

  "music.calm_facility_tour_fadeout": {
    "sounds": [
      "custom/music/calm_facility_tour_fadeout" ]
  },

  "music.electric_eruption_fadeout": {
    "sounds": [
      "custom/music/electric_eruption_fadeout" ]
  },

  "music.in_dn_tuun_fadeout": {
    "sounds": [
      "custom/music/in_dn_tuun_fadeout" ]
  },

  "music.ambitious_machinery_fadeout": {
    "sounds": [
      "custom/music/ambitious_machinery_fadeout" ]
  },

  "music.lower_than_low_fadeout": {
    "sounds": [
      "custom/music/lower_than_low_fadeout" ]
  },

  "fx.scanned": {
    "sounds": [
      "custom/fx/scanned" ]
  },

  "fx.completed": {
    "sounds": [
      "custom/fx/completed" ]
  },

  "fx.rumble.light": {
    "sounds": [
      "custom/fx/rumble0" ]
  },

  "fx.rumble.medium": {
    "sounds": [
      "custom/fx/rumble1" ]
  },

  "fx.rumble.heavy": {
    "sounds": [
      "custom/fx/rumble2" ]
  },

  "fx.alarm": {
    "sounds": [
      "custom/fx/alarm" ]
  },

  "fx.crash": {
    "sounds": [
        {
            "name": "custom/fx/crash0",
            "weight": 1
        },
  {
            "name": "custom/fx/crash1",
            "weight": 1
        },
  {
            "name": "custom/fx/crash2",
            "weight": 1
        },
  {
            "name": "custom/fx/crash3",
            "weight": 1
        },
  {
            "name": "custom/fx/crash4",
            "weight": 1
        },
  {
            "name": "custom/fx/crash5",
            "weight": 1
        }
]
  }
}