{
    "textures": {
        "0": "npc/arm",
        "1": "npc/arm_outer_layer"
    },
    "elements": [
        {
            "name": "Cube",
            "from": [ 6.0, 0.0, 6.0 ], 
            "to": [ 10.0, 12.0, 10.0 ], 
            "faces": {
                "north": { "texture": "#0", "uv": [ 4.0, 4.0, 8.0, 16.0 ] },
                "east": { "texture": "#0", "uv": [ 8.0, 4.0, 12.0, 16.0 ] },
                "south": { "texture": "#0", "uv": [ 12.0, 4.0, 16.0, 16.0 ] },
                "west": { "texture": "#0", "uv": [ 0.0, 4.0, 4.0, 16.0 ] },
                "up": { "texture": "#0", "uv": [ 4.0, 0.0, 8.0, 4.0 ] },
                "down": { "texture": "#0", "uv": [ 8.0, 0.0, 12.0, 4.0 ] }
            }
        },
        {
            "name": "Cube",
            "from": [ 5.75, -0.25, 5.75 ], 
            "to": [ 10.25, 12.25, 5.75 ], 
            "faces": {
                "north": { "texture": "#1", "uv": [ 4.0, 4.0, 8.0, 16.0 ] },
                "south": { "texture": "#1", "uv": [ 4.0, 4.0, 8.0, 16.0 ] }
            }
        },
        {
            "name": "Cube",
            "from": [ 5.75, -0.25, 10.25 ], 
            "to": [ 10.25, 12.25, 10.25 ], 
            "faces": {
                "north": { "texture": "#1", "uv": [ 12.0, 4.0, 16.0, 16.0 ] },
                "south": { "texture": "#1", "uv": [ 12.0, 4.0, 16.0, 16.0 ] }
            }
        },
        {
            "name": "Cube",
            "from": [ 5.75, -0.25, 5.75 ], 
            "to": [ 5.75, 12.25, 10.25 ], 
            "faces": {
                "east": { "texture": "#1", "uv": [ 0.0, 4.0, 4.0, 16.0 ] },
                "west": { "texture": "#1", "uv": [ 0.0, 4.0, 4.0, 16.0 ] }
            }
        },
        {
            "name": "Cube",
            "from": [ 10.25, -0.25, 5.75 ], 
            "to": [ 10.25, 12.25, 10.25 ], 
            "faces": {
                "east": { "texture": "#1", "uv": [ 8.0, 4.0, 12.0, 16.0 ] },
                "west": { "texture": "#1", "uv": [ 8.0, 4.0, 12.0, 16.0 ] }
            }
        },
        {
            "name": "Cube",
            "from": [ 5.75, 12.25, 5.75 ], 
            "to": [ 10.25, 12.25, 10.25 ], 
            "faces": {
                "up": { "texture": "#1", "uv": [ 4.0, 0.0, 8.0, 4.0 ] },
                "down": { "texture": "#1", "uv": [ 4.0, 0.0, 8.0, 4.0 ] }
            }
        }
    ]
}