{
    "parent": "minecraft:npc/arm_forward",
    "textures": {
	    "0": "npc/arm",
        "1": "npc/arm_outer_layer",
        "2": "npc/arm_welder"
    },
    "elements": 
	[
		{
            "name": "Cube",
            "from": [ 6.0, 0.0, 6.0 ], 
            "to": [ 10.0, 12.0, 10.0 ], 
            "faces": {
                "north": { "texture": "#0", "uv": [ 4.0, 4.0, 8.0, 16.0 ] },
                "east": { "texture": "#0", "uv": [ 8.0, 4.0, 12.0, 16.0 ] },
                "south": { "texture": "#0", "uv": [ 12.0, 4.0, 16.0, 16.0 ] },
                "west": { "texture": "#0", "uv": [ 0.0, 4.0, 4.0, 16.0 ] },
                "up": { "texture": "#0", "uv": [ 4.0, 0.0, 8.0, 4.0 ] },
                "down": { "texture": "#0", "uv": [ 8.0, 0.0, 12.0, 4.0 ] }
            }
        },
        {
            "name": "Cube",
            "from": [ 5.75, -0.25, 5.75 ], 
            "to": [ 10.25, 12.25, 5.75 ], 
            "faces": {
                "north": { "texture": "#1", "uv": [ 4.0, 4.0, 8.0, 16.0 ] },
                "south": { "texture": "#1", "uv": [ 4.0, 4.0, 8.0, 16.0 ] }
            }
        },
        {
            "name": "Cube",
            "from": [ 5.75, -0.25, 10.25 ], 
            "to": [ 10.25, 12.25, 10.25 ], 
            "faces": {
                "north": { "texture": "#1", "uv": [ 12.0, 4.0, 16.0, 16.0 ] },
                "south": { "texture": "#1", "uv": [ 12.0, 4.0, 16.0, 16.0 ] }
            }
        },
        {
            "name": "Cube",
            "from": [ 5.75, -0.25, 5.75 ], 
            "to": [ 5.75, 12.25, 10.25 ], 
            "faces": {
                "east": { "texture": "#1", "uv": [ 0.0, 4.0, 4.0, 16.0 ] },
                "west": { "texture": "#1", "uv": [ 0.0, 4.0, 4.0, 16.0 ] }
            }
        },
        {
            "name": "Cube",
            "from": [ 10.25, -0.25, 5.75 ], 
            "to": [ 10.25, 12.25, 10.25 ], 
            "faces": {
                "east": { "texture": "#1", "uv": [ 8.0, 4.0, 12.0, 16.0 ] },
                "west": { "texture": "#1", "uv": [ 8.0, 4.0, 12.0, 16.0 ] }
            }
        },
        {
            "name": "Cube",
            "from": [ 5.75, 12.25, 5.75 ], 
            "to": [ 10.25, 12.25, 10.25 ], 
            "faces": {
                "up": { "texture": "#1", "uv": [ 4.0, 0.0, 8.0, 4.0 ] },
                "down": { "texture": "#1", "uv": [ 4.0, 0.0, 8.0, 4.0 ] }
            }
        },
        {
            "name": "Cube",
            "from": [ 5.5, -0.5, 5.5 ], 
            "to": [ 10.5, -0.5, 10.5 ], 
            "shade": false,
            "faces": {
                "up": { "texture": "#2", "uv": [ 0.0, 0.0, 5.0, 5.0 ] },
                "down": { "texture": "#2", "uv": [ 0.0, 0.0, 5.0, 5.0 ] }
            }
        },
        {
            "name": "Cube",
            "from": [ 5.5, -0.5, 10.5 ], 
            "to": [ 10.5, 3.5, 10.5 ], 
            "faces": {
                "north": { "texture": "#2", "uv": [ 16.0, 5.0, 12.0, 10.0 ], "rotation": 270 },
                "south": { "texture": "#2", "uv": [ 12.0, 5.0, 16.0, 10.0 ], "rotation": 90 }
            }
        },
        {
            "name": "Cube",
            "from": [ 5.5, -0.5, 5.5 ], 
            "to": [ 10.5, 3.5, 5.5 ], 
            "faces": {
                "north": { "texture": "#2", "uv": [ 4.0, 5.0, 8.0, 10.0 ], "rotation": 90 },
                "south": { "texture": "#2", "uv": [ 8.0, 5.0, 4.0, 10.0 ], "rotation": 270 }
            }
        },
        {
            "name": "Cube",
            "from": [ 10.5, -0.5, 5.5 ], 
            "to": [ 10.5, 3.5, 10.5 ], 
            "faces": {
                "east": { "texture": "#2", "uv": [ 8.0, 5.0, 12.0, 10.0 ], "rotation": 90 },
                "west": { "texture": "#2", "uv": [ 12.0, 5.0, 8.0, 10.0 ], "rotation": 270 }
            }
        },
        {
            "name": "Cube",
            "from": [ 5.5, -0.5, 5.5 ], 
            "to": [ 5.5, 3.5, 10.5 ], 
            "faces": {
                "east": { "texture": "#2", "uv": [ 4.0, 5.0, 0.0, 10.0 ], "rotation": 270 },
                "west": { "texture": "#2", "uv": [ 0.0, 5.0, 4.0, 10.0 ], "rotation": 90 }
            }
        },
        {
            "name": "Cube",
            "from": [ 7.0, 0.0, 2.5 ], 
            "to": [ 9.0, 2.0, 5.5 ], 
            "faces": {
                "north": { "texture": "#2", "uv": [ 2.0, 14.0, 4.0, 16.0 ], "rotation": 90 },
                "east": { "texture": "#2", "uv": [ 0.0, 11.0, 2.0, 14.0 ], "rotation": 90 },
                "west": { "texture": "#2", "uv": [ 0.0, 11.0, 2.0, 14.0 ], "rotation": 270 },
                "up": { "texture": "#2", "uv": [ 0.0, 11.0, 2.0, 14.0 ] },
                "down": { "texture": "#2", "uv": [ 0.0, 11.0, 2.0, 14.0 ], "rotation": 180 }
            }
        },
        {
            "name": "Cube",
            "from": [ 7.75, -11.0, 3.25 ], 
            "to": [ 8.25, 1.0, 3.75 ], 
            "faces": {
                "north": { "texture": "#2", "uv": [ 2.0, 10.0, 14.0, 11.0 ], "rotation": 90 },
                "east": { "texture": "#2", "uv": [ 2.0, 10.0, 14.0, 11.0 ], "rotation": 90 },
                "south": { "texture": "#2", "uv": [ 2.0, 10.0, 14.0, 11.0 ], "rotation": 90 },
                "west": { "texture": "#2", "uv": [ 2.0, 10.0, 14.0, 11.0 ], "rotation": 90 },
                "down": { "texture": "#2", "uv": [ 13.0, 10.0, 13.5, 10.5 ] }
            }
        }
    ]
}