{
    "parent": "minecraft:npc/arm_forward",
    "elements": [
        {
            "name": "Cube",
            "from": [ 6.0, 0.0, 6.0 ], 
            "to": [ 10.0, 12.0, 10.0 ], 
            "faces": {
                "north": { "texture": "#arm", "uv": [ 4.0, 4.0, 8.0, 16.0 ] },
                "east": { "texture": "#arm", "uv": [ 8.0, 4.0, 12.0, 16.0 ] },
                "south": { "texture": "#arm", "uv": [ 12.0, 4.0, 16.0, 16.0 ] },
                "west": { "texture": "#arm", "uv": [ 0.0, 4.0, 4.0, 16.0 ] },
                "up": { "texture": "#arm", "uv": [ 4.0, 0.0, 8.0, 4.0 ] },
                "down": { "texture": "#arm", "uv": [ 8.0, 0.0, 12.0, 4.0 ] }
            }
        },
        {
            "name": "Cube",
            "from": [ 5.75, -0.25, 5.75 ], 
            "to": [ 10.25, 12.25, 5.75 ], 
            "faces": {
                "north": { "texture": "#arm_outer_layer", "uv": [ 4.0, 4.0, 8.0, 16.0 ] },
                "south": { "texture": "#arm_outer_layer", "uv": [ 4.0, 4.0, 8.0, 16.0 ] }
            }
        },
        {
            "name": "Cube",
            "from": [ 5.75, -0.25, 10.25 ], 
            "to": [ 10.25, 12.25, 10.25 ], 
            "faces": {
                "north": { "texture": "#arm_outer_layer", "uv": [ 12.0, 4.0, 16.0, 16.0 ] },
                "south": { "texture": "#arm_outer_layer", "uv": [ 12.0, 4.0, 16.0, 16.0 ] }
            }
        },
        {
            "name": "Cube",
            "from": [ 5.75, -0.25, 5.75 ], 
            "to": [ 5.75, 12.25, 10.25 ], 
            "faces": {
                "east": { "texture": "#arm_outer_layer", "uv": [ 0.0, 4.0, 4.0, 16.0 ] },
                "west": { "texture": "#arm_outer_layer", "uv": [ 0.0, 4.0, 4.0, 16.0 ] }
            }
        },
        {
            "name": "Cube",
            "from": [ 10.25, -0.25, 5.75 ], 
            "to": [ 10.25, 12.25, 10.25 ], 
            "faces": {
                "east": { "texture": "#arm_outer_layer", "uv": [ 8.0, 4.0, 12.0, 16.0 ] },
                "west": { "texture": "#arm_outer_layer", "uv": [ 8.0, 4.0, 12.0, 16.0 ] }
            }
        },
        {
            "name": "Cube",
            "from": [ 5.75, 12.25, 5.75 ], 
            "to": [ 10.25, 12.25, 10.25 ], 
            "faces": {
                "up": { "texture": "#arm_outer_layer", "uv": [ 4.0, 0.0, 8.0, 4.0 ] },
                "down": { "texture": "#arm_outer_layer", "uv": [ 4.0, 0.0, 8.0, 4.0 ] }
            }
        },
        {
            "name": "Cube",
            "from": [ 6.0, -4.0, 4.0 ], 
            "to": [ 10.0, 0.0, 11.0 ], 
            "faces": {
                "east": { "texture": "#cup", "uv": [ 4.0, 0.0, 8.0, 7.0 ], "rotation": 90 },
                "south": { "texture": "#cup", "uv": [ 0.0, 7.0, 4.0, 11.0 ] },
                "west": { "texture": "#cup", "uv": [ 12.0, 0.0, 16.0, 7.0 ], "rotation": 270 },
                "up": { "texture": "#cup", "uv": [ 8.0, 0.0, 12.0, 7.0 ] },
                "down": { "texture": "#cup", "uv": [ 0.0, 0.0, 4.0, 7.0 ], "rotation": 180 }
            }
        },
        {
            "name": "Cube",
            "from": [ 5.75, -4.25, 3.5 ], 
            "to": [ 10.25, 0.25, 4.625 ], 
            "faces": {
                "north": { "texture": "#cup", "uv": [ 4.0, 7.0, 8.0, 11.0 ] },
                "east": { "texture": "#cup", "uv": [ 8.0, 7.0, 9.0, 11.0 ] },
                "west": { "texture": "#cup", "uv": [ 8.0, 7.0, 9.0, 11.0 ], "rotation": 180 },
                "up": { "texture": "#cup", "uv": [ 8.0, 7.0, 9.0, 11.0 ], "rotation": 270 },
                "down": { "texture": "#cup", "uv": [ 8.0, 7.0, 9.0, 11.0 ], "rotation": 90 }
            }
        },
        {
            "name": "Cube",
            "from": [ 7.5, -2.25, 0.5 ], 
            "to": [ 8.5, -1.75, 3.5 ], 
            "faces": {
                "north": { "texture": "#cup", "uv": [ 9.0, 7.0, 10.0, 8.0 ] },
                "east": { "texture": "#cup", "uv": [ 9.0, 7.0, 10.0, 10.0 ], "rotation": 90 },
                "west": { "texture": "#cup", "uv": [ 9.0, 7.0, 10.0, 10.0 ], "rotation": 270 },
                "up": { "texture": "#cup", "uv": [ 9.0, 7.0, 10.0, 10.0 ] },
                "down": { "texture": "#cup", "uv": [ 9.0, 7.0, 10.0, 10.0 ], "rotation": 180 }
            }
        }
    ]
}