{
    "display": {
		"head": {
		    "rotation": [ 0, 0, 0 ],
            "translation": [ 0, 4.5, 0],
            "scale":[ 1.4, 1.4, 1.4 ]
		},
		"fixed": {
            "rotation": [ 0, 0, 0 ],
            "translation": [ 0, 4, 0],
            "scale":[ 1.0, 1.0, 1.0 ]
        }
    },
    "elements": [
        {
            "name": "Cube",
            "from": [ 3.75, -0.25, 12.25 ], 
            "to": [ 12.25, 8.25, 12.25 ], 
            "faces": {
                "north": { "texture": "#skin", "uv": [ 12.0, 12.0, 16.0, 16.0 ] },
                "south": { "texture": "#skin", "uv": [ 16.0, 12.0, 12.0, 16.0 ] }
            }
        },
        {
            "name": "Cube",
            "from": [ 3.75, -0.25, 3.75 ], 
            "to": [ 12.25, 8.25, 3.75 ], 
            "faces": {
                "north": { "texture": "#skin", "uv": [ 4.0, 12.0, 8.0, 16.0 ] },
                "south": { "texture": "#skin", "uv": [ 8.0, 12.0, 4.0, 16.0 ] }
            }
        },
        {
            "name": "Cube",
            "from": [ 12.25, -0.25, 3.75 ], 
            "to": [ 12.25, 8.25, 12.25 ], 
            "faces": {
                "east": { "texture": "#skin", "uv": [ 0.0, 12.0, 4.0, 16.0 ] },
                "west": { "texture": "#skin", "uv": [ 4.0, 12.0, 0.0, 16.0 ] }
            }
        },
        {
            "name": "Cube",
            "from": [ 3.75, -0.25, 3.75 ], 
            "to": [ 3.75, 8.25, 12.25 ], 
            "faces": {
                "east": { "texture": "#skin", "uv": [ 12.0, 12.0, 8.0, 16.0 ] },
                "west": { "texture": "#skin", "uv": [ 8.0, 12.0, 12.0, 16.0 ] }
            }
        },
        {
            "name": "Cube",
            "from": [ 3.75, -0.25, 3.75 ], 
            "to": [ 12.25, -0.25, 12.25 ], 
            "faces": {
                "up": { "texture": "#skin", "uv": [ 8.0, 12.0, 12.0, 8.0 ] },
                "down": { "texture": "#skin", "uv": [ 8.0, 8.0, 12.0, 12.0 ] }
            }
        },
        {
            "name": "Cube",
            "from": [ 3.75, 8.25, 3.75 ], 
            "to": [ 12.25, 8.25, 12.25 ], 
            "faces": {
                "up": { "texture": "#skin", "uv": [ 4.0, 12.0, 8.0, 8.0 ] },
                "down": { "texture": "#skin", "uv": [ 4.0, 8.0, 8.0, 12.0 ] }
            }
        },
        {
            "name": "Cube",
            "from": [ 6.5, 0.1, 12.5 ], 
            "to": [ 9.5, 7.1, 14.5 ], 
            "faces": {
                "north": { "texture": "#skin", "uv": [ 13.5, 0.0, 15.0, 4.0 ] },
                "east": { "texture": "#skin", "uv": [ 15.0, 0.0, 16.0, 4.0 ] },
                "south": { "texture": "#skin", "uv": [ 13.5, 0.0, 15.0, 4.0 ] },
                "west": { "texture": "#skin", "uv": [ 12.5, 0.0, 13.5, 4.0 ] },
                "up": { "texture": "#skin", "uv": [ 13.5, 0.0, 15.0, 1.0 ] },
                "down": { "texture": "#skin", "uv": [ 0.0, 1.0, 3.0, 3.0 ] }
            }
        },
        {
            "name": "Cube",
            "from": [ 7.0, 5.0, 12.0 ], 
            "to": [ 9.0, 7.0, 13.0 ], 
            "faces": {
                "north": { "texture": "#skin", "uv": [ 0.0, 0.0, 2.0, 2.0 ] },
                "east": { "texture": "#skin", "uv": [ 12.0, 0.0, 12.5, 1.0 ] },
                "south": { "texture": "#skin", "uv": [ 0.0, 0.0, 2.0, 2.0 ] },
                "west": { "texture": "#skin", "uv": [ 12.0, 0.5, 12.5, 1.4 ] },
                "up": { "texture": "#skin", "uv": [ 12.0, 0.0, 12.5, 1.0 ], "rotation": 270 },
                "down": { "texture": "#skin", "uv": [ 12.0, 0.0, 12.5, 1.0 ], "rotation": 90 }
            }
        },
		{
            "name": "Cube",
            "from": [ 4.0, 0.0, 4.0 ], 
            "to": [ 12.0, 8.0, 12.0 ], 
            "faces": {
                "north": { "texture": "#skin", "uv": [ 4.0, 4.0, 8.0, 8.0 ] },
                "east": { "texture": "#skin", "uv": [ 0.0, 4.0, 4.0, 8.0 ] },
                "south": { "texture": "#skin", "uv": [ 12.0, 4.0, 16.0, 8.0 ] },
                "west": { "texture": "#skin", "uv": [ 8.0, 4.0, 12.0, 8.0 ] },
                "up": { "texture": "#skin", "uv": [ 4.0, 0.0, 8.0, 4.0 ] },
                "down": { "texture": "#skin", "uv": [ 8.0, 0.0, 12.0, 4.0 ] }
            }
        }
    ]
}